ID,y
1,78.20870000000008
2,111.40890000000003
3,77.66010000000007
4,78.53190000000004
5,117.67339999999999
8,101.55980000000004
10,120.33640000000008
11,101.46520000000002
12,114.06599999999999
14,99.01350000000001
15,113.24780000000011
16,111.12149999999991
17,108.09080000000012
19,101.98240000000006
20,103.45179999999995
21,113.44700000000013
22,115.79730000000005
23,109.9408000000001
26,101.53350000000002
28,97.43130000000005
29,101.28140000000006
33,100.14080000000006
35,95.66290000000002
41,101.13320000000014
42,92.89649999999996
43,117.09430000000002
45,103.40969999999999
46,104.23989999999996
51,95.43460000000005
53,77.30760000000002
55,115.3843
56,93.70739999999991
57,108.34189999999991
58,95.59279999999998
59,106.25090000000002
63,120.4822
64,94.73870000000008
65,104.9781
69,93.20370000000001
71,94.81169999999993
72,103.11669999999995
73,93.31350000000003
76,106.48230000000004
77,105.0561
78,114.79700000000003
82,94.34080000000007
83,104.9291
84,93.25950000000003
85,107.09629999999994
87,115.08760000000008
88,96.83940000000004
89,111.90580000000018
91,94.37060000000007
93,94.28140000000003
94,103.79789999999997
95,95.65050000000001
96,114.91660000000009
97,99.97419999999994
98,112.66180000000004
99,93.02410000000002
101,102.03849999999998
103,113.54880000000021
104,93.33610000000003
105,115.38930000000006
110,95.12200000000001
111,113.06380000000007
113,113.82000000000005
114,93.17790000000001
115,115.8607
117,112.18090000000021
120,94.41140000000001
121,112.89940000000004
122,93.35429999999995
123,113.19960000000005
126,114.22959999999998
132,111.67390000000002
135,106.49729999999992
137,101.28189999999995
138,95.42720000000004
140,93.98039999999997
142,113.01589999999996
144,115.77200000000006
148,92.14489999999995
149,115.82510000000002
155,94.18849999999993
156,111.75859999999994
157,109.98170000000003
162,115.39120000000001
163,93.87099999999998
167,97.16359999999999
172,116.75040000000003
179,114.53450000000001
180,93.49179999999997
181,108.44890000000005
182,97.44020000000005
183,113.34309999999981
185,113.34309999999981
187,111.28650000000003
188,93.99750000000009
189,97.84580000000005
191,92.69620000000005
192,111.1179
193,98.89090000000006
194,114.96030000000006
195,94.4464
196,112.81999999999992
198,95.43910000000001
199,112.40309999999998
201,102.07449999999996
204,93.6313
205,112.10209999999995
206,94.44110000000002
210,95.15510000000003
211,102.11019999999999
216,118.67539999999994
219,114.42719999999997
220,92.8752
221,109.72520000000007
226,108.77040000000012
227,95.23349999999999
228,110.06280000000002
230,108.95620000000014
231,95.12469999999989
235,116.67800000000005
236,93.10999999999994
238,111.16770000000002
242,104.16299999999995
243,92.83820000000001
244,78.75339999999998
245,112.13830000000011
247,116.81579999999992
248,91.51379999999999
249,92.0361
250,112.65479999999994
251,92.85099999999994
253,116.85660000000006
254,92.90670000000004
256,93.44099999999997
257,90.01490000000001
258,115.24249999999996
259,94.64120000000003
262,79.42840000000001
266,92.85440000000003
267,112.5069
272,100.91439999999993
273,113.20049999999996
275,93.8309
276,116.18849999999999
279,95.38850000000001
280,104.96969999999999
283,92.51119999999999
285,111.66850000000001
288,113.17909999999996
289,95.46260000000001
290,101.95889999999996
291,92.68820000000001
292,111.22279999999996
293,114.61840000000001
296,91.15640000000005
297,111.15829999999998
298,113.62890000000003
299,91.08070000000005
304,91.56860000000002
305,80.40380000000003
306,92.90989999999998
307,110.428
311,109.02019999999995
313,109.84990000000005
314,90.7934
316,94.59870000000001
324,94.3927
327,90.8685
329,91.2230000000001
330,116.42370000000003
337,103.57520000000002
338,94.01370000000004
339,103.25819999999993
340,93.97170000000007
343,90.85590000000002
345,111.84470000000016
346,95.23599999999999
347,111.81549999999997
349,113.2194
350,92.70389999999993
352,111.49860000000001
353,90.8836
354,77.39740000000002
357,92.24549999999998
358,113.49230000000006
362,112.28019999999998
364,115.57410000000002
365,103.32369999999999
366,94.41580000000003
367,110.27689999999996
368,93.62469999999998
370,77.5213
373,93.59969999999996
377,92.37559999999996
378,111.08259999999997
382,105.32110000000006
384,111.08850000000002
390,96.26720000000002
392,112.71639999999998
393,111.65589999999999
395,94.63630000000005
396,104.57469999999995
399,76.53899999999997
406,108.75710000000005
408,108.75710000000005
409,92.04560000000001
410,78.2919
412,113.80149999999996
413,90.4131000000001
419,96.82190000000006
420,116.35050000000003
421,89.33290000000007
430,105.95910000000002
434,92.15030000000012
436,95.83090000000006
437,92.77679999999998
438,89.05640000000008
439,112.1922
440,90.76979999999998
443,116.26609999999997
446,92.90139999999998
448,92.9665
452,93.57889999999998
453,105.11040000000001
457,102.18759999999996
458,94.5078
459,112.38020000000006
460,101.79769999999995
462,104.25090000000002
464,101.9482
465,112.67500000000001
467,116.17520000000005
471,113.8478
472,78.39099999999999
473,96.29480000000005
475,93.30879999999996
480,99.85629999999996
488,111.38179999999998
490,108.49960000000003
491,104.26530000000001
492,76.80940000000011
493,92.06129999999996
497,96.69210000000002
498,119.48250000000007
499,92.5401
500,104.71269999999998
501,94.6523
502,113.25050000000002
506,77.48729999999999
510,109.86989999999994
511,93.99339999999998
512,91.75489999999999
516,93.92730000000002
518,90.59859999999986
519,111.2244
521,91.67909999999998
522,112.1424
526,113.72840000000004
529,94.63780000000003
532,111.22319999999999
533,91.34339999999995
536,115.01279999999998
537,104.07780000000008
539,91.90810000000006
540,105.47039999999998
541,92.42599999999997
543,95.07370000000012
546,114.38779999999991
547,93.92810000000001
548,77.642
551,90.82609999999998
552,101.40989999999994
556,102.16849999999994
557,93.65769999999999
558,110.4442
559,92.04519999999995
560,111.65929999999994
562,113.75749999999991
566,92.90520000000008
570,117.51070000000009
571,92.74099999999999
572,104.9288
573,91.96050000000001
575,112.63960000000002
576,114.26739999999997
577,94.58590000000002
579,91.94079999999997
580,111.9611
581,111.76850000000002
589,108.91450000000005
591,102.31890000000001
593,92.93559999999998
594,106.17339999999996
595,95.16660000000002
598,91.15
602,112.42610000000002
604,110.34330000000001
606,113.15989999999998
608,94.95549999999999
609,105.13250000000002
610,96.0551999999999
616,111.10119999999998
617,92.56859999999999
618,101.29629999999999
620,104.80229999999996
622,118.66829999999996
623,89.67440000000005
624,130.75109999999998
626,114.38590000000003
628,112.04000000000002
629,92.40449999999998
630,108.46100000000006
637,92.92559999999996
638,103.34670000000007
643,97.16620000000003
645,95.51999999999998
646,118.66599999999993
648,94.79469999999996
652,93.23220000000006
653,92.06529999999994
654,117.0516000000001
656,113.38209999999992
657,96.29440000000004
659,92.24870000000001
660,105.2408
663,89.59339999999987
664,114.34669999999997
666,104.05589999999992
668,110.21959999999999
669,93.5474
671,93.06819999999999
675,92.01129999999999
677,92.75269999999993
678,111.69060000000009
679,105.33819999999996
682,96.64919999999998
685,103.234
687,91.82719999999992
688,94.6411
693,109.45440000000006
696,91.23900000000003
698,95.76650000000004
701,95.39340000000004
704,105.03369999999994
705,113.76830000000007
709,112.29200000000006
710,92.94850000000004
711,107.59909999999992
712,95.67089999999999
714,109.87539999999998
715,92.63000000000004
716,108.44420000000008
717,92.47240000000002
720,112.5685000000001
721,93.51610000000002
724,103.48579999999998
725,89.8871
726,112.59790000000004
728,111.25220000000007
731,94.10869999999996
734,102.61699999999998
738,92.15129999999998
745,112.0407
746,92.84259999999993
751,76.08479999999997
754,91.45130000000003
756,92.81569999999999
758,95.98420000000004
759,115.99159999999996
761,115.21350000000002
766,94.3091
767,111.7438
768,90.08070000000004
769,124.00929999999998
770,93.75400000000005
771,76.80820000000008
772,106.74169999999995
773,91.81899999999996
774,111.60600000000008
776,108.42229999999996
777,92.93169999999998
780,115.9458000000001
782,104.62889999999994
787,103.06569999999998
788,93.69560000000001
792,91.49570000000006
793,111.30640000000002
798,96.32599999999998
800,92.11050000000004
806,109.46659999999996
809,108.97700000000005
811,120.75570000000003
812,91.47610000000005
814,112.87899999999998
816,103.51280000000006
817,92.96449999999999
818,109.7327999999999
820,113.51379999999993
823,92.8095000000001
829,91.72609999999999
830,114.02509999999998
831,90.64740000000009
834,109.43069999999993
839,92.55460000000001
841,78.07220000000001
844,102.9589999999999
845,92.17659999999998
848,91.73280000000003
850,95.8818
851,101.64849999999997
852,92.05220000000003
854,93.26030000000003
855,91.62299999999996
856,104.22019999999996
859,99.99140000000007
861,111.19470000000008
864,92.72290000000001
865,115.58280000000006
866,92.64430000000002
867,91.56160000000004
869,95.8449
871,106.78779999999999
872,106.97159999999985
882,103.21079999999996
883,91.21419999999998
885,93.676
888,96.94099999999999
893,108.35859999999985
901,109.75260000000007
903,102.69300000000001
904,94.3677
905,101.89599999999999
910,92.74329999999983
911,112.30849999999995
914,115.4786
918,119.78859999999997
921,90.51310000000004
928,92.03270000000006
929,101.63629999999998
932,93.06580000000002
933,104.18149999999997
934,93.17209999999983
935,110.64970000000002
937,77.86729999999996
939,95.8853000000001
940,102.50389999999999
941,96.18699999999998
942,103.48460000000004
943,91.96470000000005
944,100.4473
947,107.44849999999988
949,110.34900000000007
951,110.57590000000002
952,96.93689999999997
953,102.69300000000001
954,76.4545
957,109.28930000000003
959,90.52140000000007
960,115.89939999999997
963,113.22939999999998
965,108.05489999999989
967,104.38990000000001
971,92.11489999999995
972,77.46070000000003
973,93.01780000000001
974,110.42369999999995
975,93.4199
978,117.83199999999997
980,113.4875
981,93.96390000000015
984,116.28730000000003
986,93.15049999999985
988,89.48130000000003
989,111.52299999999997
990,108.56449999999997
992,110.30660000000007
996,94.7491
999,113.97899999999996
1000,92.324
1001,114.57190000000008
1002,92.11200000000004
1003,108.32419999999993
1004,90.10570000000001
1008,109.61479999999995
1009,92.36230000000002
1010,109.55639999999998
1012,120.56349999999999
1013,93.05189999999995
1014,112.18380000000006
1015,94.41370000000002
1016,115.83390000000001
1019,92.62600000000006
1020,112.13990000000001
1021,93.19229999999985
1022,104.57460000000003
1024,93.19229999999985
1025,77.31850000000003
1027,94.6954
1028,105.37029999999997
1029,94.77160000000002
1030,91.948
1033,112.34669999999997
1036,99.13449999999999
1037,111.24680000000001
1038,92.9787
1042,95.67080000000004
1043,105.04810000000002
1044,91.85560000000005
1045,110.46789999999999
1047,113.57450000000004
1050,94.02260000000004
1051,109.16199999999992
1054,93.32090000000005
1056,93.99650000000014
1057,93.308
1059,98.11030000000007
1062,104.36220000000004
1063,106.34250000000003
1064,93.99650000000014
1066,91.44699999999999
1070,103.94890000000001
1076,111.61350000000002
1077,103.77289999999999
1078,111.6174
1080,113.15520000000001
1082,113.45720000000003
1083,92.56000000000006
1089,119.44170000000003
1091,97.36869999999999
1093,95.87729999999999
1097,93.02670000000002
1099,91.92389999999999
1101,91.18859999999997
1103,100.69249999999997
1104,111.95
1106,114.477
1109,91.63540000000005
1110,120.93490000000008
1111,98.54620000000008
1112,111.4043999999999
1114,95.05000000000001
1116,93.60919999999996
1117,112.16470000000005
1120,94.34349999999996
1124,112.80519999999997
1125,91.24089999999997
1126,112.13490000000003
1134,111.24249999999998
1137,92.56579999999997
1138,116.85380000000006
1144,110.73389999999986
1145,98.16270000000004
1146,94.4609
1148,101.09169999999996
1150,94.20309999999999
1152,100.4304999999999
1153,93.94660000000007
1154,103.32780000000002
1155,102.39180000000007
1157,92.81509999999997
1162,104.4513000000001
1165,110.86160000000004
1166,95.7834
1167,104.01460000000003
1168,95.77080000000012
1169,100.81939999999993
1171,115.63150000000002
1172,93.97599999999998
1173,100.81939999999993
1174,94.46269999999998
1176,97.97260000000001
1177,103.88879999999996
1178,96.25159999999998
1182,109.36900000000003
1186,94.72170000000007
1187,113.3594
1188,92.87469999999998
1189,116.60290000000006
1191,109.45859999999998
1192,106.10280000000007
1197,114.67939999999999
1198,95.77730000000003
1200,77.52469999999995
1201,95.4385
1203,98.73200000000003
1209,113.8654
1214,104.56339999999993
1218,112.52099999999992
1222,92.17179999999995
1226,97.17730000000002
1228,94.8339
1230,94.02229999999997
1232,80.28099999999998
1233,102.86130000000009
1236,112.39009999999995
1238,94.55650000000003
1241,110.87290000000012
1244,103.19230000000002
1246,93.78429999999999
1247,112.09319999999992
1250,113.04790000000007
1251,94.73119999999999
1254,114.0943
1255,93.22080000000004
1256,108.3718000000001
1257,93.39869999999999
1258,93.77150000000005
1259,110.34460000000001
1260,95.31550000000003
1263,109.12110000000001
1267,76.79220000000002
1268,112.05359999999997
1271,107.34050000000008
1272,108.44980000000001
1274,104.48149999999993
1275,110.29950000000015
1276,109.21730000000004
1277,91.98920000000003
1279,94.12109999999998
1281,96.50280000000002
1282,92.1469
1283,115.83210000000004
1285,112.70190000000002
1286,93.07320000000001
1289,112.06810000000003
1296,115.15970000000002
1299,94.31960000000005
1301,94.92250000000004
1306,92.38390000000001
1307,93.62149999999998
1308,91.93279999999999
1313,109.83550000000002
1314,99.42210000000003
1315,119.17640000000007
1316,92.90360000000004
1317,111.03470000000009
1319,92.16810000000001
1323,92.42210000000004
1324,104.04439999999998
1325,95.41040000000001
1328,107.12209999999999
1329,93.34280000000001
1330,110.16760000000009
1331,91.88599999999997
1332,104.76589999999999
1337,95.94670000000002
1338,111.91259999999994
1339,92.96970000000002
1340,112.8959
1343,115.2095
1347,106.79969999999999
1348,90.84859999999993
1349,107.07209999999998
1352,90.55559999999993
1354,95.33580000000002
1359,113.01019999999998
1360,95.2734
1363,112.05329999999992
1364,92.35790000000003
1365,102.72049999999996
1366,94.26519999999995
1372,94.88199999999998
1375,108.14050000000009
1376,95.62290000000004
1378,94.0222
1379,113.67569999999996
1380,95.57139999999998
1381,103.67010000000006
1384,115.02850000000001
1387,99.72640000000015
1388,114.19299999999997
1392,77.22189999999996
1394,107.64720000000005
1395,93.03089999999996
1396,113.45429999999996
1398,95.56730000000003
1399,113.45429999999996
1400,95.48300000000005
1401,93.78000000000002
1403,94.26900000000003
1404,110.34909999999995
1406,113.44709999999998
1407,97.75559999999996
1408,112.62810000000012
1410,78.29910000000004
1412,111.79580000000006
1413,91.26909999999987
1415,94.27920000000006
1420,112.63030000000012
1422,108.2885999999999
1423,105.97339999999993
1424,112.63030000000012
1425,95.51410000000001
1426,78.29910000000004
1427,96.11220000000002
1429,93.56999999999998
1430,111.31849999999994
1431,94.89659999999995
1432,105.9006
1434,112.31820000000003
1437,94.12280000000001
1438,106.28560000000002
1440,112.86859999999999
1441,113.91059999999995
1442,91.5829999999999
1444,111.50119999999998
1445,96.82249999999996
1446,102.0879000000001
1448,96.73399999999997
1453,92.66090000000005
1454,110.12459999999999
1455,101.45179999999995
1456,113.90209999999993
1458,110.75659999999995
1459,99.17809999999997
1461,94.06189999999997
1465,99.81230000000016
1466,113.082
1469,96.04019999999998
1472,92.87780000000004
1474,92.67439999999999
1477,111.35970000000005
1479,111.55979999999998
1482,94.82320000000006
1483,77.88729999999998
1487,92.37310000000001
1488,113.52960000000006
1490,112.3272
1492,113.58910000000002
1494,119.78400000000002
1496,103.49890000000003
1497,93.26000000000002
1499,102.81450000000004
1502,93.41009999999994
1507,113.86800000000002
1508,91.05239999999985
1509,112.0081
1511,94.08659999999995
1512,110.61020000000006
1513,115.26480000000004
1514,105.86360000000006
1518,112.7252
1519,91.31880000000007
1522,114.02
1524,77.92109999999997
1527,92.90289999999997
1529,93.88920000000006
1532,107.15650000000007
1536,113.60369999999995
1537,115.9394
1539,106.44190000000009
1542,117.56509999999999
1543,93.55810000000005
1544,106.74009999999997
1545,77.56870000000002
1550,92.44890000000001
1551,113.28120000000003
1554,114.13579999999989
1556,114.29480000000017
1559,92.99830000000001
1560,78.53850000000004
1562,96.5944
1566,92.33640000000007
1567,113.7521000000001
1569,109.79940000000002
1570,112.85629999999999
1571,114.57230000000003
1574,93.96729999999988
1578,106.0157000000001
1580,93.68959999999997
1583,112.89900000000003
1584,93.96729999999988
1585,111.05210000000001
1586,102.58259999999997
1587,112.11310000000014
1588,94.24550000000004
1590,114.66510000000002
1592,106.54670000000009
1596,110.6408
1598,111.02690000000004
1599,93.15050000000001
1604,116.71539999999999
1606,105.13720000000008
1607,90.97519999999986
1608,103.52680000000004
1609,118.1899
1611,93.75969999999995
1613,93.6816
1616,96.54080000000002
1619,113.52300000000001
1620,92.486
1621,112.20010000000008
1622,91.6456
1625,108.43730000000004
1627,118.1899
1629,111.8529
1634,93.97190000000002
1636,95.82740000000001
1638,108.99330000000002
1639,92.5968
1641,100.4145
1643,95.04440000000008
1644,103.87760000000004
1645,118.3379
1646,94.31190000000001
1647,114.53979999999984
1648,94.29649999999997
1652,92.96369999999999
1653,113.28089999999995
1656,98.67609999999993
1658,92.7606
1659,113.02389999999993
1661,93.67559999999997
1663,90.97519999999986
1664,113.16749999999998
1665,94.49449999999996
1666,110.13750000000006
1667,103.5447
1668,77.6291
1669,103.6488
1670,93.5165000000001
1672,112.55430000000004
1674,111.52520000000004
1677,113.68800000000006
1678,92.39350000000005
1679,111.58110000000009
1680,93.81219999999996
1683,109.71550000000005
1686,104.47170000000007
1687,111.6814
1689,111.94099999999995
1690,94.66740000000001
1691,114.81650000000002
1692,114.76209999999996
1693,95.69579999999989
1695,93.72220000000007
1696,92.62160000000006
1697,112.35259999999992
1700,106.70429999999999
1701,90.60310000000007
1702,110.93500000000009
1703,90.92550000000003
1704,113.79530000000004
1706,95.56970000000001
1707,121.50230000000005
1708,98.147
1710,96.60480000000001
1711,102.53000000000013
1713,105.3351
1717,104.02910000000006
1719,103.95760000000004
1720,93.61710000000001
1722,93.05590000000001
1725,104.51570000000007
1726,102.21549999999996
1727,104.27140000000007
1729,113.71669999999995
1730,92.98629999999997
1731,111.9956
1733,106.7978
1734,93.83239999999998
1735,109.76699999999995
1738,93.43979999999999
1742,96.46219999999995
1745,111.75530000000006
1747,91.70480000000009
1749,100.9784000000001
1751,101.22950000000003
1752,82.74150000000007
1753,115.29389999999991
1754,104.33740000000003
1755,101.2518
1756,104.50529999999998
1758,116.04159999999997
1759,100.44609999999993
1760,103.30609999999997
1761,112.64690000000004
1762,99.25429999999997
1763,108.80749999999998
1764,97.45609999999994
1766,98.06400000000006
1768,100.2725
1769,82.02140000000007
1771,112.70649999999998
1772,98.6225
1773,106.84489999999998
1774,97.11350000000004
1775,110.56439999999999
1777,118.55419999999997
1779,93.67469999999992
1780,110.90069999999994
1787,91.8515
1788,91.97759999999998
1790,98.42630000000003
1796,111.30430000000007
1801,92.22699999999993
1803,96.65580000000004
1807,113.24180000000003
1809,117.08839999999998
1812,91.93800000000005
1813,112.2404000000001
1814,96.56589999999998
1815,118.23790000000002
1816,97.67650000000005
1818,92.13080000000004
1820,92.36020000000002
1821,110.16779999999989
1822,93.10570000000003
1825,92.28870000000005
1826,100.34689999999996
1828,93.66680000000005
1831,102.94970000000004
1836,113.84810000000002
1837,91.23790000000008
1841,93.06859999999999
1844,101.7245
1848,91.3435
1851,102.13219999999997
1852,94.1647
1853,90.6814
1854,110.02730000000003
1856,97.42160000000001
1859,116.64609999999998
1860,98.45110000000003
1861,82.39630000000005
1863,104.45499999999998
1865,97.18360000000001
1866,102.00670000000008
1867,94.68070000000006
1868,92.83290000000002
1872,101.15050000000008
1879,93.72950000000003
1880,106.87379999999996
1882,92.9618
1885,100.53549999999997
1887,105.24320000000002
1888,94.64180000000005
1890,117.31979999999989
1894,97.86970000000005
1895,102.41059999999999
1896,97.31610000000005
1897,112.84659999999998
1900,120.72119999999997
1901,90.08690000000004
1902,112.42109999999995
1905,92.74620000000004
1906,110.09229999999997
1912,103.87470000000002
1915,95.68530000000001
1916,103.2819
1917,93.84160000000003
1918,102.34159999999996
1920,83.34770000000007
1923,93.37340000000007
1924,104.1381
1925,97.27030000000002
1930,116.27209999999995
1932,119.45329999999987
1933,93.005
1934,117.52069999999996
1935,91.63040000000002
1940,81.73450000000007
1941,92.31530000000002
1942,112.0167
1943,96.9959
1944,93.18629999999997
1945,111.04549999999996
1948,115.11359999999989
1949,95.15859999999999
1952,96.19329999999998
1954,107.33399999999988
1955,121.51489999999981
1958,94.53790000000002
1959,82.7391
1960,107.98420000000009
1963,93.7728
1965,92.41140000000003
1968,104.45730000000002
1969,94.98740000000004
1971,93.93239999999993
1972,112.46420000000006
1973,90.73330000000004
1975,90.68660000000006
1977,94.0439
1978,94.60400000000001
1979,110.00759999999997
1981,90.85510000000004
1982,113.08920000000002
1987,114.13849999999998
1988,90.53210000000007
1993,94.15520000000001
1997,92.36080000000001
1999,93.49510000000002
2001,93.06119999999989
2002,112.00219999999999
2003,89.9365
2004,82.67410000000004
2006,109.19299999999994
2007,96.29269999999997
2009,103.38739999999999
2010,92.07259999999997
2013,94.85320000000003
2018,80.97560000000004
2022,103.81590000000001
2024,115.13430000000002
2025,95.82310000000001
2026,105.39679999999998
2030,104.23919999999997
2031,93.48360000000002
2032,103.2499
2033,94.26460000000002
2035,92.63319999999995
2036,114.41519999999998
2037,91.64540000000001
2040,94.36569999999996
2043,117.31539999999994
2044,105.9172
2046,104.22120000000001
2054,116.74439999999993
2055,97.68190000000003
2056,111.2315999999999
2059,92.78190000000004
2060,91.55329999999998
2062,99.29360000000003
2063,113.02950000000006
2066,94.60630000000005
2067,124.05280000000013
2072,134.27199999999996
2073,115.3889
2074,96.93790000000003
2075,122.1005
2076,92.84160000000006
2080,93.56089999999999
2082,93.07209999999999
2085,119.7722
2087,112.7402
2091,117.0597
2092,94.32650000000005
2093,120.24449999999992
2098,93.85709999999999
2101,108.99750000000009
2102,92.24200000000002
2103,83.07590000000003
2105,103.51980000000005
2106,93.06139999999998
2107,124.8648
2110,92.87360000000001
2114,94.67970000000003
2115,113.44949999999999
2117,81.05040000000005
2118,94.04619999999998
2119,104.8511
2120,93.834
2122,96.13560000000003
2123,113.8592
2126,94.15639999999996
2127,102.97879999999999
2128,91.92109999999997
2129,119.41719999999998
2132,97.30189999999997
2135,101.78359999999999
2138,93.40159999999996
2139,116.13419999999996
2141,116.94110000000006
2142,93.24880000000002
2146,96.72140000000003
2151,112.73609999999995
2157,104.07140000000001
2159,121.33039999999995
2162,92.0369
2164,112.68850000000003
2167,98.17619999999997
2168,112.11049999999996
2171,95.36109999999996
2173,93.51849999999996
2174,102.8263
2175,91.8275
2178,92.2244
2180,94.0669
2185,117.05209999999997
2189,93.99389999999995
2190,114.84219999999993
2192,102.18769999999995
2194,113.29840000000006
2200,120.6091
2201,92.71430000000001
2203,113.0397
2204,92.02869999999997
2205,110.72379999999995
2209,113.42139999999993
2213,102.19369999999998
2214,94.5363
2215,113.06680000000001
2216,94.079
2218,93.97280000000002
2219,105.13959999999996
2220,91.72329999999994
2222,93.9083
2223,111.12629999999999
2225,111.90829999999993
2226,93.62229999999998
2230,96.48639999999997
2233,115.97600000000003
2234,110.85489999999996
2235,92.3212
2236,78.43620000000001
2237,90.56239999999998
2240,117.06410000000001
2241,94.37139999999998
2248,104.91279999999998
2249,93.96550000000005
2250,111.67899999999992
2252,112.15099999999997
2253,93.13549999999995
2254,111.904
2256,78.27159999999999
2258,91.63150000000002
2259,114.60769999999998
2262,98.81069999999994
2265,90.81990000000002
2266,107.67659999999998
2269,95.34320000000005
2271,93.25909999999995
2273,95.92009999999995
2274,111.36280000000012
2275,94.51019999999998
2277,97.7729
2279,91.75049999999997
2280,80.95329999999994
2282,95.9817
2283,101.24600000000002
2288,93.93030000000003
2289,113.07770000000004
2291,95.61580000000002
2292,118.70419999999991
2297,93.86739999999995
2298,104.60499999999996
2299,91.49669999999996
2300,113.82499999999996
2301,92.81859999999999
2304,94.6003
2305,101.7606
2306,100.07180000000002
2308,91.79670000000002
2309,114.5865
2311,104.77750000000002
2312,105.3866
2316,102.97910000000002
2321,100.26499999999999
2322,110.26439999999998
2325,104.7164
2326,95.16970000000003
2329,117.96789999999993
2330,94.11439999999997
2331,101.87309999999998
2332,113.56210000000002
2333,100.31120000000001
2334,100.85719999999998
2335,108.29130000000006
2337,111.37889999999999
2338,99.42480000000002
2340,113.5722
2342,91.9734
2345,94.91649999999996
2349,98.52120000000001
2351,82.06149999999994
2352,93.32710000000006
2354,110.27339999999997
2355,114.50820000000003
2357,112.63119999999992
2358,93.42689999999997
2360,94.24699999999991
2361,110.27339999999997
2364,96.38149999999983
2366,98.16399999999997
2369,103.0459
2370,96.35719999999996
2371,112.5677000000001
2373,115.56420000000004
2374,95.16679999999998
2376,110.99949999999997
2378,110.78399999999999
2382,92.96929999999993
2383,93.46510000000006
2386,102.5598
2387,95.67980000000007
2389,122.9865999999999
2390,117.74700000000004
2392,92.13529999999997
2398,114.49660000000002
2399,93.6788
2400,102.69050000000004
2401,112.463
2402,94.3054
2404,96.24619999999996
2407,111.08739999999997
2408,111.15699999999995
2409,120.63249999999998
2412,81.64879999999991
2413,95.6474
2415,92.2389
2420,110.56369999999998
2422,95.73639999999997
2423,102.87319999999998
2426,91.95509999999999
2432,93.95540000000003
2434,91.47660000000002
2435,122.37259999999996
2436,111.94409999999999
2438,113.21179999999998
2440,111.93870000000004
2443,92.33959999999999
2444,91.49099999999997
2447,103.57949999999995
2450,95.39029999999991
2454,96.23389999999999
2455,113.84240000000001
2459,102.73490000000004
2460,109.95090000000008
2463,94.22189999999996
2465,95.34559999999993
2468,80.10959999999993
2469,89.09619999999995
2474,92.46039999999998
2478,94.16100000000004
2480,92.60629999999992
2481,116.97500000000002
2489,100.13579999999997
2490,103.17280000000001
2492,91.65230000000001
2496,102.28760000000004
2497,116.58980000000001
2500,90.77730000000005
2505,106.96469999999995
2507,96.72800000000001
2508,108.61509999999987
2509,93.99739999999998
2510,82.94319999999992
2513,89.6944
2515,100.03349999999996
2518,93.24490000000006
2519,114.02149999999997
2520,93.24490000000006
2521,111.47859999999996
2523,111.65939999999992
2525,92.22720000000001
2529,109.35729999999998
2530,88.96659999999999
2533,110.99300000000002
2535,94.7559
2538,106.45109999999998
2544,111.14409999999998
2553,116.22499999999998
2556,92.04969999999999
2558,90.88580000000003
2559,115.73660000000001
2560,90.45559999999999
2561,112.65020000000004
2562,91.76309999999998
2563,114.8321
2564,90.30619999999998
2565,113.72509999999994
2567,103.74680000000002
2572,94.79980000000006
2575,95.40740000000007
2576,118.64970000000002
2577,95.20709999999997
2578,95.54950000000001
2579,115.29350000000005
2580,91.30500000000004
2582,122.37310000000011
2583,94.95840000000004
2587,92.62149999999998
2589,114.77640000000002
2590,97.74099999999999
2591,109.22369999999997
2594,94.07829999999996
2597,93.59750000000005
2598,104.9140999999999
2599,99.61260000000006
2600,104.21970000000003
2602,113.48299999999999
2603,94.65800000000007
2604,101.90299999999996
2606,113.43979999999999
2607,75.66289999999998
2608,99.138
2613,108.91419999999984
2614,96.69569999999995
2615,110.08760000000001
2617,111.7793
2620,99.33310000000009
2623,114.227
2624,95.82150000000001
2627,108.86969999999985
2629,75.68509999999998
2630,96.22540000000008
2632,92.58070000000005
2636,95.60109999999997
2639,103.51629999999996
2640,106.16489999999996
2642,108.61060000000003
2644,108.34229999999981
2646,111.36499999999997
2647,96.76209999999999
2649,93.82949999999995
2650,106.90999999999991
2652,107.27529999999993
2653,102.14469999999996
2655,107.81679999999999
2657,111.96099999999993
2659,109.97510000000003
2662,92.40410000000006
2663,115.028
2664,91.3642
2665,102.34479999999999
2670,95.05940000000004
2671,103.07649999999994
2672,94.64789999999999
2675,106.74849999999995
2677,112.68669999999996
2679,113.82619999999999
2683,112.24499999999993
2684,94.48879999999997
2685,93.30710000000003
2688,101.59139999999996
2689,95.51790000000001
2690,104.45400000000001
2693,104.76640000000002
2694,110.48540000000001
2697,93.64040000000004
2699,94.98869999999994
2703,93.71490000000001
2705,101.45649999999995
2709,75.73969999999997
2710,91.66800000000008
2711,110.46390000000001
2712,92.5777
2713,95.8204
2714,109.40240000000001
2715,94.17570000000002
2717,93.40209999999999
2718,112.12760000000006
2720,112.24690000000002
2721,94.75639999999997
2726,92.65420000000003
2728,91.76819999999996
2731,102.66639999999995
2732,107.25529999999999
2734,94.0706
2736,100.50409999999992
2737,92.92020000000002
2738,102.66509999999998
2739,122.40569999999988
2746,93.5716
2749,102.09099999999998
2751,117.76919999999998
2752,104.27150000000002
2753,92.22839999999995
2757,102.47399999999998
2758,93.29849999999999
2759,112.48549999999994
2760,100.49390000000001
2762,110.5011
2764,94.07799999999999
2765,111.1474
2769,110.85150000000002
2771,110.5749
2774,94.60459999999998
2776,92.21729999999998
2777,120.49899999999997
2778,96.58589999999992
2779,114.31110000000002
2782,90.82079999999996
2784,96.74830000000009
2787,93.91019999999997
2789,94.68809999999999
2792,94.66700000000003
2798,95.64280000000001
2799,104.76980000000002
2800,95.30500000000004
2801,78.4337
2802,93.615
2804,92.14479999999998
2807,102.55999999999995
2808,96.39109999999997
2809,115.01269999999998
2811,116.30570000000002
2812,92.2283
2814,92.44429999999998
2816,98.11529999999999
2817,111.68929999999999
2818,110.17720000000003
2820,112.13319999999996
2821,77.28520000000005
2822,93.3034
2823,105.4281
2824,94.04090000000002
2826,92.20910000000003
2829,99.14619999999992
2834,91.79379999999998
2835,78.80650000000006
2838,96.57670000000006
2839,110.05910000000007
2840,99.6684
2841,109.87459999999993
2842,95.08900000000013
2846,115.71230000000001
2848,92.98180000000006
2849,91.67130000000002
2850,110.08880000000003
2851,94.94859999999997
2853,92.62950000000002
2854,109.37900000000002
2858,115.39359999999995
2861,94.46159999999996
2864,101.30439999999993
2865,115.15610000000001
2866,111.64629999999997
2867,90.11490000000002
2868,113.08860000000003
2870,110.50060000000005
2877,99.73449999999995
2878,109.30199999999986
2880,111.45450000000002
2882,78.58309999999999
2883,94.53110000000002
2884,99.70739999999996
2885,96.02309999999996
2887,95.33349999999997
2888,109.83079999999998
2889,96.25319999999996
2890,100.08240000000016
2891,104.10600000000004
2892,118.01579999999993
2893,94.28829999999998
2898,112.59630000000007
2899,90.95139999999999
2900,117.96380000000005
2901,95.03539999999995
2909,97.05760000000001
2910,112.44020000000002
2911,112.61140000000003
2913,113.42990000000003
2914,96.73279999999998
2918,92.09880000000001
2919,110.58529999999999
2920,93.51440000000001
2921,109.45359999999984
2922,99.33500000000004
2923,106.07889999999999
2925,109.88069999999996
2926,90.44930000000004
2927,112.8318
2929,110.98060000000004
2933,95.01469999999996
2934,112.3423
2936,113.3531
2941,102.64190000000002
2942,92.01710000000011
2943,112.29070000000003
2945,105.81750000000005
2950,95.85470000000001
2951,111.94199999999996
2953,114.58059999999999
2954,96.43420000000002
2955,102.21989999999998
2956,96.59420000000004
2960,94.3258
2962,94.55930000000001
2963,106.20629999999996
2964,102.44720000000002
2966,80.075
2967,93.76910000000005
2968,110.78299999999992
2969,92.86759999999998
2971,94.43329999999997
2972,94.01899999999998
2974,105.5786
2975,111.04660000000005
2977,120.87239999999998
2980,113.94169999999991
2981,92.23670000000001
2983,92.08720000000002
2984,102.20929999999994
2985,116.98039999999996
2986,102.92329999999998
2987,94.01899999999998
2989,95.95970000000007
2990,112.31969999999997
2991,93.82089999999995
2992,77.88690000000005
2995,98.66090000000013
2996,103.1081
3002,115.25630000000002
3004,114.0676
3005,117.82020000000004
3006,96.3688000000001
3010,96.06599999999993
3011,110.04380000000009
3014,91.48949999999995
3015,93.59730000000005
3016,94.15100000000001
3017,114.4299
3018,93.39649999999996
3021,102.64429999999999
3024,107.91789999999983
3028,93.94720000000007
3030,94.55050000000001
3032,92.02139999999996
3039,97.56530000000001
3040,115.46889999999996
3041,99.98859999999999
3043,95.09449999999997
3044,116.38490000000002
3046,109.43889999999998
3055,94.56680000000001
3056,113.09100000000002
3058,93.0579
3059,112.36439999999999
3061,123.14850000000015
3063,108.44810000000007
3066,92.47620000000006
3067,108.54859999999982
3068,78.88770000000004
3069,91.7542
3072,116.73580000000007
3073,112.60489999999996
3074,93.48219999999999
3077,97.6816
3082,92.67540000000008
3084,99.43170000000013
3085,117.29439999999994
3088,108.22989999999996
3091,94.72920000000002
3092,111.96269999999998
3093,96.9523
3094,103.31559999999995
3096,113.8985
3097,92.04099999999998
3098,78.50269999999998
3102,116.60150000000009
3106,94.96079999999998
3109,94.53480000000002
3111,92.00639999999996
3112,117.35510000000004
3113,91.64030000000001
3115,100.33650000000003
3116,112.49780000000001
3117,93.58769999999997
3121,110.78640000000003
3122,94.16699999999999
3123,98.23880000000004
3124,102.38909999999993
3125,93.63969999999999
3126,100.95540000000001
3127,116.58850000000018
3129,93.6153
3130,113.09599999999999
3132,104.39830000000009
3134,103.37199999999989
3135,94.98760000000004
3137,77.45499999999998
3138,105.50909999999995
3140,92.38389999999994
3144,110.79960000000003
3145,95.2165
3146,109.9094
3147,93.74740000000001
3148,102.84069999999993
3149,104.43130000000002
3150,113.7685
3151,93.63210000000007
3152,95.21300000000008
3155,103.91870000000006
3156,110.6269
3159,92.24159999999996
3161,94.41070000000002
3162,105.47279999999999
3163,92.98390000000003
3165,101.5592
3172,97.93870000000008
3173,114.1167
3176,93.98850000000004
3177,105.01749999999998
3179,110.16480000000001
3183,92.18600000000002
3186,98.26070000000001
3187,102.66339999999997
3189,109.89999999999995
3190,94.3071
3192,114.87410000000018
3193,97.93870000000008
3194,117.3141
3197,92.08469999999988
3198,92.13489999999997
3200,93.04410000000001
3201,115.8915
3202,92.3012
3204,95.89430000000002
3205,91.78510000000001
3206,113.0011
3208,102.5861
3210,101.42449999999997
3211,93.54770000000002
3212,121.03340000000014
3213,97.77480000000001
3214,109.95329999999996
3216,104.47470000000013
3219,94.84149999999995
3220,111.60929999999995
3221,91.51930000000004
3226,108.09530000000002
3227,94.79579999999996
3228,111.51219999999998
3229,93.55310000000003
3232,78.0297
3233,93.00720000000003
3234,96.78820000000002
3236,94.63550000000001
3238,110.51920000000001
3239,110.65210000000003
3240,94.37939999999998
3247,110.84500000000001
3249,103.02730000000003
3252,124.6003
3253,97.48249999999999
3254,104.6084
3255,92.68390000000001
3256,115.73490000000005
3257,92.49840000000002
3262,98.2674
3263,103.99490000000002
3264,97.23940000000005
3266,112.68889999999992
3267,95.70550000000009
3269,94.84459999999997
3272,113.0612999999999
3274,93.13339999999992
3275,107.05449999999998
3277,97.2370000000001
3279,100.60889999999999
3280,104.12509999999999
3283,95.9232
3285,96.94169999999998
3287,92.0666
3288,106.58409999999995
3290,102.30400000000002
3291,94.93430000000001
3298,112.66979999999995
3299,94.9588
3302,115.35889999999998
3303,91.03780000000005
3304,104.3961
3307,93.79020000000006
3309,92.95969999999997
3314,79.95010000000005
3316,112.09029999999998
3317,99.4931000000001
3319,93.90000000000003
3320,113.18480000000005
3321,96.60040000000001
3322,102.13110000000002
3324,93.58689999999999
3326,92.80570000000002
3329,109.9189
3330,92.82869999999998
3331,113.47460000000002
3335,118.37330000000011
3337,91.67859999999995
3338,105.83470000000003
3339,97.8083
3340,111.13810000000005
3341,91.80059999999996
3343,94.90780000000007
3346,92.78770000000003
3348,91.63689999999997
3351,103.16020000000002
3352,116.52599999999991
3355,90.36709999999994
3356,114.30879999999988
3358,104.47589999999995
3359,96.31670000000004
3360,112.12710000000003
3371,112.7575
3372,98.23750000000004
3374,98.03869999999999
3377,113.0143
3378,91.39279999999997
3380,102.18769999999994
3382,95.26970000000001
3386,93.39709999999997
3389,113.92429999999996
3391,106.80890000000005
3393,93.34710000000001
3394,102.16900000000004
3395,92.55620000000003
3397,109.27020000000006
3398,97.5443
3399,78.50369999999994
3400,92.50999999999998
3404,101.81219999999998
3407,113.42480000000006
3409,105.17980000000001
3419,96.3220000000001
3421,92.99229999999996
3425,94.6129
3427,78.38569999999999
3428,113.93739999999985
3429,114.0112
3431,92.3494
3435,92.29029999999999
3436,109.36659999999989
3439,95.59570000000002
3441,97.07149999999996
3442,113.93739999999985
3443,98.67080000000001
3444,102.77709999999999
3445,93.26500000000006
3446,114.32449999999999
3449,94.31159999999994
3453,91.98110000000003
3457,93.67179999999993
3460,106.13410000000016
3461,97.41380000000002
3462,91.59340000000006
3464,110.37620000000014
3465,80.58860000000003
3466,98.83169999999994
3467,104.46770000000002
3468,92.86269999999995
3469,103.33850000000001
3470,102.45590000000001
3472,110.67849999999994
3473,92.9557
3475,92.90880000000003
3476,112.16880000000003
3478,105.0602999999999
3479,96.4329
3483,92.15039999999999
3484,103.12229999999998
3485,94.42229999999998
3487,92.51880000000001
3488,112.26029999999997
3496,111.00900000000001
3497,93.22789999999995
3499,93.0514
3500,78.6552
3501,95.24450000000003
3504,93.00940000000003
3508,110.48979999999997
3511,92.04299999999999
3512,113.11069999999997
3515,94.73889999999997
3517,95.05280000000008
3518,104.81300000000002
3526,114.52090000000007
3528,118.27439999999996
3529,95.96090000000002
3530,111.29120000000005
3531,93.44900000000003
3532,115.24050000000005
3533,94.3368
3534,91.8131000000001
3535,78.43139999999998
3536,91.75529999999995
3537,113.81279999999997
3538,93.6155
3539,111.57180000000002
3540,103.1035
3545,116.751
3546,90.58399999999996
3550,104.0192
3551,93.54630000000003
3553,94.37479999999994
3554,105.54620000000016
3557,90.92479999999999
3558,115.02530000000003
3559,93.85279999999997
3561,92.11749999999998
3562,109.74980000000005
3563,92.59980000000004
3564,102.5033
3565,92.91560000000008
3567,92.76380000000005
3571,102.5033
3572,95.22200000000004
3574,95.2137
3576,94.29969999999997
3577,118.75270000000005
3578,95.50909999999996
3579,93.60399999999996
3583,94.47610000000003
3585,93.75100000000002
3586,102.6628
3587,110.00830000000008
3593,97.42890000000008
3594,114.46600000000004
3595,93.90620000000001
3599,92.99959999999992
3600,105.09510000000006
3601,110.7387999999999
3602,93.18649999999997
3604,93.94049999999997
3609,116.22139999999999
3610,111.29720000000002
3612,109.38690000000004
3614,120.29209999999992
3615,96.47550000000003
3617,105.42699999999996
3618,110.71020000000003
3619,113.2158999999999
3620,110.12139999999998
3621,93.47930000000002
3625,92.2248
3626,102.63850000000009
3630,102.1571000000001
3631,93.94570000000002
3632,103.4806
3633,93.45330000000004
3634,112.69379999999997
3637,95.044
3639,93.3724
3640,114.10959999999994
3641,95.11840000000001
3644,115.14089999999987
3645,93.09970000000001
3646,92.86800000000002
3647,94.09970000000004
3648,108.17659999999998
3653,109.5995
3654,104.56540000000001
3655,112.38199999999998
3659,102.90660000000007
3660,93.9152
3662,113.67309999999998
3666,94.15579999999999
3668,92.45360000000001
3671,99.94040000000003
3673,92.32629999999999
3674,120.47159999999998
3675,93.56730000000003
3681,96.01809999999998
3682,110.8479
3686,110.33159999999997
3687,90.85040000000001
3692,76.70239999999998
3695,113.40899999999993
3696,94.78410000000002
3699,112.82589999999995
3705,113.98649999999998
3707,78.44620000000005
3708,94.66599999999997
3709,113.16369999999998
3710,92.90700000000001
3712,90.58250000000007
3715,110.0561
3716,93.2099
3720,112.18050000000005
3722,78.44620000000005
3726,91.60789999999996
3728,92.04209999999995
3729,118.61590000000005
3731,101.84529999999997
3735,114.63839999999996
3736,94.15059999999995
3739,107.00130000000004
3741,110.24920000000006
3743,102.78880000000001
3744,93.8981
3745,111.46259999999997
3746,94.11280000000002
3751,92.52469999999995
3753,90.2535
3760,110.59309999999999
3761,93.21179999999997
3762,111.33609999999997
3763,91.6303
3765,92.0478
3768,111.50389999999997
3769,92.80860000000003
3770,102.96890000000003
3773,109.83170000000005
3774,92.84909999999998
3776,94.88359999999999
3778,90.8202
3779,110.62909999999998
3780,107.41170000000012
3781,118.04940000000002
3782,94.51720000000002
3783,110.70710000000008
3784,95.25239999999998
3786,90.89609999999998
3789,110.55809999999994
3790,94.7277
3793,114.3325
3795,107.51180000000005
3797,94.23280000000003
3798,115.87319999999994
3800,110.71999999999998
3804,99.09309999999999
3810,94.22109999999996
3815,110.59199999999986
3816,99.09309999999999
3818,103.06239999999998
3824,108.91599999999993
3828,104.31040000000002
3830,111.92120000000001
3831,94.78489999999998
3832,74.3329000000001
3834,108.53540000000002
3835,92.5446
3836,111.19259999999997
3838,93.87849999999997
3839,118.75200000000007
3840,112.63250000000004
3845,92.58079999999997
3846,111.30519999999987
3847,94.87390000000006
3849,78.29669999999999
3853,113.03030000000001
3855,110.73079999999996
3856,93.19960000000003
3864,78.45769999999999
3865,95.47570000000002
3866,112.36450000000002
3867,91.08630000000001
3868,110.72219999999997
3869,94.52690000000003
3871,97.25789999999998
3875,103.61630000000002
3876,92.90629999999997
3878,99.02350000000003
3879,109.0478000000001
3881,110.72219999999997
3883,112.631
3884,90.9298999999999
3886,110.81819999999996
3890,92.26690000000004
3893,111.7201
3897,105.1841
3901,91.94779999999992
3902,109.51709999999994
3913,114.1807999999999
3914,92.07799999999997
3916,93.0878
3917,111.28570000000005
3924,103.902
3925,91.81419999999999
3928,92.99190000000003
3929,113.45839999999997
3932,93.04429999999998
3933,102.13610000000011
3934,79.32509999999995
3935,91.05599999999998
3936,93.66899999999998
3937,112.44809999999988
3938,93.44640000000001
3939,110.66909999999996
3943,91.4774
3944,109.80390000000001
3945,110.30660000000002
3946,94.82320000000001
3947,110.19519999999999
3948,91.9947
3949,108.05100000000014
3950,93.4551
3951,110.65109999999997
3952,90.93840000000006
3953,110.9226
3961,114.49850000000002
3962,92.40800000000003
3966,94.94369999999994
3967,102.38319999999997
3968,94.37240000000006
3969,111.03649999999998
3970,90.02300000000001
3971,102.49519999999993
3973,92.72570000000003
3974,110.43240000000013
3975,114.95540000000007
3977,98.25499999999998
3979,111.55699999999999
3985,93.42989999999998
3986,105.48020000000005
3988,111.06819999999999
3991,91.88009999999998
3992,102.14190000000002
3993,94.01079999999996
3994,106.99050000000001
3995,112.692
4005,111.58710000000005
4007,93.15319999999994
4008,102.4756
4009,96.66169999999998
4010,116.67190000000004
4011,77.49809999999998
4012,92.55239999999998
4013,105.0509
4015,112.52729999999995
4016,109.34919999999987
4018,111.53780000000005
4025,92.0245
4026,110.48109999999997
4028,115.76670000000004
4029,91.13859999999991
4031,98.43940000000003
4032,110.45269999999996
4033,92.77580000000002
4034,108.2445
4037,92.26790000000003
4038,103.81979999999996
4039,93.42860000000002
4041,91.84110000000001
4042,111.13159999999992
4043,91.635
4044,103.43650000000014
4045,93.74600000000001
4046,117.11229999999998
4047,95.7862
4048,105.26899999999995
4049,104.73509999999996
4051,93.18929999999996
4052,111.75779999999995
4058,102.87140000000008
4062,110.31070000000008
4064,114.01969999999996
4067,92.4262
4068,77.33130000000004
4070,94.00379999999996
4072,114.90140000000002
4074,121.77339999999998
4075,92.04669999999999
4076,113.41280000000006
4077,92.91839999999998
4078,111.31389999999993
4080,115.05800000000012
4082,113.41139999999996
4085,93.76650000000004
4086,115.43700000000007
4088,109.72409999999992
4089,97.63579999999997
4092,78.16360000000003
4094,95.54220000000004
4095,112.23169999999995
4096,95.47920000000002
4097,103.21100000000004
4102,93.9357
4105,119.99459999999998
4107,112.0813
4111,94.72070000000002
4112,103.82320000000006
4113,92.35979999999996
4114,112.24070000000005
4115,89.24800000000012
4116,113.24969999999999
4117,94.86960000000005
4118,96.25440000000002
4119,112.72209999999994
4120,99.01359999999995
4122,79.01589999999999
4125,91.86740000000013
4126,111.06410000000001
4129,110.14390000000004
4134,123.15089999999992
4137,94.63500000000008
4141,103.28299999999997
4142,96.42810000000007
4144,95.26239999999993
4145,104.2438
4146,96.79709999999999
4150,92.60659999999996
4151,76.25879999999998
4154,92.92079999999999
4156,93.9912
4157,114.92550000000001
4159,109.49669999999988
4160,95.07949999999997
4161,111.26109999999996
4168,96.87369999999991
4171,100.62160000000002
4172,104.6111
4173,91.38389999999994
4175,93.97650000000003
4176,112.46420000000006
4177,95.26239999999993
4178,102.48019999999993
4179,93.10120000000002
4181,112.6137
4183,90.75539999999992
4184,113.25149999999998
4185,92.41700000000004
4186,112.99669999999996
4188,121.48460000000001
4190,111.66580000000003
4192,92.32080000000008
4193,113.10230000000001
4194,115.7891
4195,102.11360000000002
4196,77.43979999999996
4202,92.74830000000001
4203,105.47770000000008
4208,94.14270000000002
4209,120.85629999999999
4210,94.92660000000004
4211,110.89439999999993
4212,113.96529999999986
4214,103.85149999999994
4215,91.38110000000007
4216,114.96900000000005
4217,93.72359999999995
4219,99.81660000000005
4222,113.38279999999992
4224,78.64739999999998
4231,104.14280000000001
4232,91.11699999999993
4234,92.37270000000002
4236,95.22369999999994
4237,99.4104
4240,94.35210000000001
4242,105.23239999999998
4243,98.18749999999993
4247,94.12760000000004
4248,111.61319999999996
4249,93.79309999999995
4254,100.86389999999994
4263,92.87009999999998
4265,109.67449999999994
4267,112.59470000000002
4268,110.91869999999996
4271,111.26369999999996
4272,93.41639999999995
4273,111.0236
4274,93.2943
4276,93.2907
4278,93.86950000000003
4280,95.28079999999999
4281,109.58949999999997
4283,95.32080000000005
4284,111.05560000000001
4285,95.43289999999999
4286,109.38690000000003
4287,96.63899999999998
4288,114.86069999999998
4289,90.03169999999999
4290,78.24180000000003
4293,94.52699999999997
4296,109.7667
4297,92.47290000000001
4299,91.30379999999997
4303,117.0045
4310,98.6125000000001
4312,105.14230000000002
4318,100.69320000000002
4320,119.82450000000006
4322,93.036
4323,116.54429999999996
4325,104.42519999999996
4326,114.42219999999999
4328,103.69469999999997
4330,105.15920000000006
4332,113.2397
4333,94.93580000000001
4335,94.3133
4336,111.3634
4338,103.71320000000003
4341,93.07969999999999
4342,105.02959999999999
4344,103.26070000000001
4347,93.92540000000001
4348,99.17319999999994
4351,108.21599999999995
4352,93.17429999999999
4353,111.07960000000003
4355,102.2122
4356,98.96060000000003
4359,102.45540000000001
4360,91.27040000000005
4361,96.31370000000007
4364,97.2797
4365,104.1592
4368,94.67030000000001
4372,96.05339999999998
4374,92.90690000000006
4376,94.01770000000002
4377,103.4611
4380,95.23579999999998
4383,103.74589999999996
4384,93.7447
4385,102.02389999999995
4389,91.61710000000001
4391,92.90710000000001
4392,111.2428
4393,91.67849999999994
4395,95.79179999999998
4396,113.76070000000003
4398,122.73349999999989
4399,104.07270000000003
4401,94.08549999999997
4406,95.4066
4408,104.7852
4412,102.26119999999999
4415,97.24079999999998
4418,115.25169999999991
4419,92.86240000000005
4420,78.8944
4422,110.29509999999993
4423,92.85580000000006
4425,93.31179999999996
4428,112.79560000000001
4431,115.88580000000006
4434,94.22499999999998
4436,92.77929999999998
4437,110.8766
4439,117.21200000000006
4440,91.27189999999995
4441,115.32479999999995
4444,93.57150000000013
4445,104.83369999999992
4446,92.49320000000002
4447,114.88309999999997
4452,103.48949999999994
4456,112.1736
4457,98.93350000000002
4458,114.39619999999994
4460,100.3114
4461,116.66609999999999
4462,107.97390000000001
4465,103.47089999999989
4466,104.12319999999993
4468,95.36920000000005
4469,103.42689999999999
4472,113.81360000000004
4475,93.42460000000004
4478,92.52350000000003
4479,113.54090000000002
4480,92.15569999999998
4483,84.97109999999995
4484,92.54610000000001
4485,103.88919999999999
4486,91.95540000000003
4488,93.65009999999998
4489,102.44549999999998
4490,96.71480000000001
4491,108.53349999999993
4492,93.35040000000001
4493,107.06119999999993
4494,94.43120000000008
4495,101.90419999999995
4498,84.7923999999999
4499,96.16400000000002
4500,101.91189999999997
4503,112.96959999999999
4505,103.2724999999999
4506,94.8078
4507,92.91530000000004
4508,109.99059999999989
4510,112.85799999999998
4511,92.43570000000004
4513,93.78759999999997
4516,82.73789999999991
4519,94.86379999999997
4521,91.86210000000001
4531,91.40980000000002
4532,79.98439999999997
4533,108.82520000000008
4534,113.42480000000006
4536,108.78779999999993
4537,98.78039999999999
4539,92.42290000000004
4542,100.50649999999992
4545,95.81969999999995
4549,90.6946000000001
4551,94.7555
4554,111.00749999999995
4556,116.4768
4559,112.56819999999999
4561,112.66159999999996
4562,111.69920000000003
4566,113.71829999999999
4569,94.93409999999993
4570,117.07510000000009
4573,91.9317
4574,100.71370000000003
4575,95.68460000000003
4577,96.06880000000002
4578,116.8455000000001
4580,114.6214
4582,92.27589999999998
4583,111.24099999999997
4585,95.50139999999999
4587,107.9725
4595,92.56659999999994
4596,112.84470000000005
4601,94.33149999999998
4602,115.72399999999998
4603,93.83549999999994
4605,121.57970000000003
4606,93.432
4607,119.21569999999993
4608,97.72879999999999
4610,95.41420000000005
4613,103.4029
4617,94.84800000000001
4618,114.17560000000003
4619,91.6495
4620,96.00059999999996
4622,105.21229999999994
4625,93.85259999999995
4626,107.47250000000004
4627,94.08420000000011
4629,94.3479
4631,92.65930000000004
4633,107.47250000000004
4634,117.59810000000004
4635,92.71800000000002
4639,93.72799999999994
4640,105.02769999999997
4642,102.73409999999998
4644,111.60849999999999
4646,107.47250000000004
4647,93.04659999999998
4648,81.0629
4649,92.42019999999991
4650,111.21669999999999
4655,90.5066000000001
4660,90.93430000000001
4661,116.85029999999995
4662,90.48050000000003
4663,114.28339999999999
4665,93.2353
4666,112.38470000000002
4667,108.59979999999996
4668,98.52849999999997
4670,96.89760000000003
4671,109.95079999999996
4672,104.50950000000006
4673,102.98100000000002
4675,104.87850000000002
4676,101.03990000000003
4677,111.30379999999994
4680,95.18260000000004
4682,93.39399999999999
4683,113.2551
4685,105.71370000000007
4686,92.68750000000001
4688,112.24280000000006
4690,116.52420000000002
4692,112.76070000000003
4693,93.76939999999999
4697,93.08050000000003
4700,112.0758
4702,111.35689999999997
4707,117.04459999999996
4708,90.05160000000006
4710,77.21869999999997
4716,104.19139999999999
4717,92.18790000000003
4718,93.88089999999998
4720,97.53360000000002
4721,77.75869999999999
4723,99.54770000000002
4726,109.86669999999997
4727,93.22930000000002
4729,92.42269999999999
4731,94.22979999999994
4732,114.14610000000002
4735,95.48020000000004
4736,104.0676
4737,94.27419999999991
4738,112.09960000000001
4739,109.97320000000009
4744,101.42289999999994
4747,97.721
4749,115.98130000000003
4750,90.18840000000006
4752,111.2485
4755,96.249
4756,103.59569999999998
4757,110.95880000000007
4758,90.6511999999999
4759,101.99620000000004
4763,94.1717
4764,102.88340000000002
4765,102.74090000000004
4766,92.3583
4767,116.91169999999997
4769,114.06249999999996
4770,97.12490000000001
4771,76.88329999999998
4772,104.94969999999995
4774,116.04180000000004
4776,116.9590999999999
4777,109.47900000000001
4778,96.08240000000002
4780,95.12979999999999
4784,93.6416
4786,100.86040000000003
4787,76.89740000000005
4788,103.67620000000005
4789,111.44879999999999
4791,102.19219999999994
4792,92.69419999999995
4795,109.87130000000012
4796,92.2625999999999
4803,91.98050000000003
4805,97.10820000000004
4807,96.31450000000007
4809,92.96359999999997
4816,97.75030000000007
4817,78.24780000000001
4818,90.93920000000001
4820,97.76860000000002
4821,101.1732
4823,111.37220000000006
4824,96.23300000000003
4825,114.7924
4829,101.02390000000003
4830,97.51580000000004
4831,121.84240000000007
4833,104.98589999999994
4836,100.93749999999999
4837,111.41160000000004
4838,92.41779999999993
4840,95.26110000000003
4841,76.93620000000001
4842,90.45300000000002
4843,114.03680000000003
4844,92.43180000000004
4849,107.26929999999997
4851,105.34019999999998
4852,92.89899999999996
4858,95.16550000000001
4860,97.9356
4863,112.96660000000001
4864,103.23780000000005
4865,112.31980000000004
4867,113.69340000000004
4868,101.00540000000001
4869,114.34880000000001
4873,95.0475
4875,97.86870000000003
4876,111.95680000000004
4877,95.56480000000003
4878,107.62630000000016
4880,77.29090000000006
4886,113.20679999999997
4888,101.77299999999993
4889,101.18729999999994
4890,112.66780000000003
4893,92.9642
4895,92.93989999999997
4896,103.49300000000001
4899,94.5095
4901,96.03839999999997
4902,113.90519999999998
4903,96.43009999999997
4904,110.49320000000003
4910,93.51980000000002
4912,94.47949999999999
4915,99.54420000000003
4916,101.87129999999996
4917,93.6918
4920,104.07329999999993
4927,101.53279999999995
4928,91.52860000000003
4931,106.97319999999996
4934,94.4241
4936,101.59449999999998
4939,116.73199999999999
4942,113.58719999999998
4943,105.10079999999996
4944,103.62799999999997
4945,95.12390000000003
4947,108.44770000000013
4948,98.21330000000002
4951,92.95880000000007
4952,111.05920000000002
4953,93.98580000000004
4956,95.77719999999998
4957,114.02720000000004
4958,97.3955
4960,92.95309999999999
4968,97.00410000000004
4969,103.01489999999998
4971,104.29260000000002
4973,116.65729999999998
4975,114.9449999999999
4976,96.92509999999994
4978,97.65100000000001
4979,111.83089999999999
4982,95.76639999999998
4983,110.88309999999993
4984,98.81250000000004
4985,118.60719999999996
4986,96.19099999999999
4987,129.11689999999987
4988,95.73619999999995
4994,94.66759999999998
4995,88.11270000000002
5002,76.41490000000003
5004,97.31119999999997
5005,101.07500000000002
5006,96.47789999999993
5007,102.74969999999998
5009,111.45510000000002
5011,116.35159999999998
5014,93.32260000000001
5015,102.60599999999997
5018,94.5699
5019,112.75310000000019
5020,92.68960000000001
5021,113.03540000000001
5022,93.97949999999997
5023,98.7407
5025,99.13579999999996
5032,96.12859999999996
5034,93.80249999999998
5036,96.0371
5038,95.62219999999999
5039,111.66329999999999
5046,96.65960000000004
5049,112.5273000000002
5051,94.84269999999997
5052,91.51780000000002
5053,113.48120000000009
5054,91.46440000000003
5055,94.69959999999996
5057,93.15750000000004
5059,95.94380000000002
5062,102.94460000000002
5063,113.19029999999992
5065,113.65709999999997
5069,96.68770000000002
5071,102.81110000000004
5074,112.67360000000001
5075,93.08390000000001
5076,116.01949999999994
5077,77.16050000000007
5079,103.9699
5080,96.53120000000001
5081,112.86789999999998
5083,102.01749999999998
5088,102.17119999999998
5089,94.40259999999998
5093,110.99059999999996
5094,103.91300000000003
5095,104.794
5099,115.33589999999997
5101,113.58020000000005
5103,101.29140000000014
5104,93.05180000000001
5105,113.3257
5107,94.8827
5108,111.77869999999999
5109,95.63080000000002
5111,97.9922
5112,109.89790000000005
5113,97.14639999999997
5114,114.88869999999997
5115,94.98059999999995
5118,95.93570000000001
5122,90.7384
5123,80.90819999999997
5125,91.70229999999994
5127,102.28479999999998
5128,93.25820000000002
5129,114.97590000000004
5132,94.72609999999999
5134,114.23849999999995
5135,93.3985
5137,113.08460000000005
5142,92.6205
5143,104.27979999999994
5144,100.42080000000009
5148,93.84270000000004
5149,96.21839999999999
5150,102.92020000000004
5154,77.59790000000005
5155,95.1073
5159,98.64249999999997
5164,92.46709999999996
5165,129.43090000000018
5166,95.23910000000002
5167,112.80869999999996
5169,92.76740000000001
5171,94.84420000000004
5172,110.43880000000001
5176,93.77999999999996
5184,113.38029999999995
5185,93.58059999999999
5186,113.93820000000001
5188,102.78730000000004
5189,110.33300000000008
5190,97.16470000000005
5191,129.43090000000018
5193,111.66610000000006
5196,94.54059999999996
5199,77.35910000000001
5200,102.49119999999999
5203,93.10879999999996
5204,115.51839999999997
5205,93.1491
5207,91.4861999999999
5208,109.10129999999992
5212,95.18380000000003
5214,94.38839999999999
5218,92.58609999999997
5220,95.93320000000001
5222,95.2701
5224,95.59700000000001
5225,104.35339999999995
5227,111.07340000000008
5229,104.69479999999993
5232,92.77930000000002
5233,117.51000000000005
5234,106.23510000000002
5237,110.18130000000002
5239,114.63630000000003
5240,94.50649999999996
5241,115.13170000000012
5244,93.82889999999998
5248,113.4076
5251,91.20170000000002
5253,92.83279999999999
5255,94.97240000000004
5256,100.35260000000002
5257,93.76710000000001
5259,96.1654
5260,114.2085
5266,95.46199999999999
5268,91.32979999999998
5275,112.4527
5276,112.50410000000002
5277,97.1419
5279,95.31679999999997
5280,102.90560000000006
5281,91.93289999999996
5283,96.4056
5284,78.55030000000005
5285,91.39949999999999
5286,103.96639999999996
5287,92.66160000000004
5289,94.94879999999999
5290,111.94380000000008
5292,102.93160000000013
5293,92.5443
5294,103.1934
5297,103.23640000000003
5299,107.0606
5302,95.55280000000002
5305,77.74200000000003
5306,96.6742
5308,92.92160000000004
5309,94.90679999999993
5310,115.58590000000002
5312,110.23709999999997
5316,119.7153000000001
5317,95.09279999999998
5319,78.12920000000003
5320,99.21499999999997
5323,94.96490000000001
5329,113.02709999999993
5331,110.46350000000011
5334,112.28309999999998
5336,112.77300000000008
5338,102.22950000000004
5341,94.39299999999999
5345,100.96989999999997
5348,94.38380000000002
5349,113.7457
5355,106.1723
5356,93.65029999999997
5360,104.89229999999998
5362,115.2679999999999
5364,113.53329999999997
5366,105.92749999999998
5367,93.9835
5368,92.69709999999998
5370,93.3804
5371,77.17650000000005
5373,105.98989999999996
5375,110.971
5376,93.28569999999998
5378,112.37939999999993
5379,95.833
5383,93.53790000000005
5384,103.96760000000002
5389,111.63019999999999
5391,77.97810000000004
5393,112.22789999999998
5395,117.64039999999996
5397,112.347
5398,91.4294
5399,117.35610000000003
5401,119.66499999999998
5402,93.6286
5403,114.02110000000005
5404,94.43999999999987
5407,77.87470000000005
5408,93.74259999999998
5413,113.49380000000001
5414,94.01359999999998
5417,93.07639999999992
5418,103.23560000000015
5420,110.83559999999997
5421,94.18569999999998
5424,94.73109999999998
5425,129.7701999999999
5426,95.20200000000003
5429,117.54880000000001
5431,96.87109999999997
5437,99.58509999999995
5440,91.8266
5444,104.9294
5446,104.99189999999997
5447,95.65169999999998
5451,97.92159999999998
5452,114.18829999999997
5455,106.00049999999999
5456,98.49419999999998
5458,93.78429999999999
5459,120.53769999999999
5460,96.6189
5462,98.47859999999999
5463,117.0633
5464,95.99409999999997
5465,119.84960000000001
5466,100.08189999999999
5467,103.28159999999998
5468,95.134
5469,121.1596
5472,97.06549999999997
5474,96.3457
5475,116.83909999999997
5476,97.5076000000001
5479,103.07440000000001
5480,118.09439999999995
5482,118.54819999999994
5485,92.97039999999998
5486,119.07050000000002
5488,80.4134
5495,102.39769999999994
5496,96.14859999999997
5497,112.67109999999995
5499,113.87569999999994
5503,104.16230000000002
5504,93.71329999999998
5507,97.82950000000011
5509,95.7572
5511,94.31739999999998
5512,112.98059999999998
5516,109.20070000000001
5517,97.8841
5518,106.15030000000004
5521,95.19460000000001
5522,102.64669999999998
5527,97.7734999999999
5528,96.08730000000001
5529,110.58690000000004
5532,98.13080000000004
5533,114.69319999999998
5535,111.67369999999988
5536,109.40640000000005
5540,96.69599999999997
5547,94.92140000000006
5548,111.84240000000007
5550,77.28479999999996
5551,95.65639999999998
5554,114.31689999999993
5555,93.478
5559,110.47640000000003
5560,93.04589999999999
5561,115.26129999999992
5562,95.38119999999992
5563,113.34769999999997
5565,75.35589999999999
5566,94.7092
5567,103.83940000000001
5568,95.7202
5572,100.10070000000002
5574,92.59110000000001
5576,98.30069999999998
5579,113.43729999999998
5580,76.08620000000005
5581,92.57959999999997
5583,98.18419999999996
5584,113.85359999999997
5586,111.8635
5587,93.51350000000002
5589,99.14339999999994
5591,103.11410000000006
5592,99.77680000000001
5593,116.00569999999999
5594,91.70849999999997
5595,76.4307
5596,112.52610000000008
5597,113.80620000000003
5598,116.60119999999999
5599,94.82129999999998
5602,117.40279999999993
5603,91.70849999999997
5605,96.18710000000003
5607,99.61229999999996
5608,116.1598999999999
5609,98.32490000000011
5610,92.38740000000001
5612,92.43210000000008
5613,110.21540000000009
5614,99.07769999999994
5616,95.22599999999998
5621,98.71389999999992
5623,97.31780000000005
5628,113.53279999999995
5629,95.34550000000003
5631,95.43539999999999
5633,109.9443
5638,105.67789999999995
5639,102.82059999999997
5640,103.40100000000001
5645,103.02009999999997
5646,76.52869999999996
5649,92.23679999999999
5653,115.95969999999994
5655,118.24149999999995
5656,95.14130000000009
5658,92.76500000000004
5662,118.5255
5663,93.315
5667,93.49629999999996
5670,95.30079999999998
5671,99.11039999999996
5672,95.2572
5673,101.20659999999998
5674,95.55990000000001
5675,100.54819999999994
5676,96.15840000000013
5679,109.6965
5683,117.35839999999999
5687,91.61589999999997
5688,76.43740000000001
5690,94.16670000000002
5691,113.4228
5692,92.42389999999996
5693,113.9571
5694,96.67329999999997
5697,113.23089999999995
5698,94.61349999999995
5699,110.80230000000003
5704,94.49959999999997
5707,109.671
5709,101.20100000000006
5710,99.02970000000006
5714,97.77739999999999
5718,96.18810000000005
5721,99.03620000000006
5723,101.93509999999996
5724,113.6116
5725,95.0914
5726,111.67939999999999
5729,101.53330000000004
5730,105.07580000000003
5731,95.0352
5733,75.7237
5736,100.4718
5741,101.76129999999998
5745,108.81760000000003
5747,97.32390000000007
5748,103.0284
5750,111.05589999999995
5751,96.28320000000004
5752,95.95560000000003
5754,97.95479999999999
5755,94.3759
5757,93.18350000000002
5758,116.57779999999998
5760,101.2027
5762,100.50560000000002
5766,113.27989999999987
5768,99.2054
5769,117.93289999999993
5770,98.70570000000002
5771,111.98190000000008
5772,94.77719999999998
5773,115.4577
5774,91.78800000000003
5776,93.49580000000003
5777,110.96600000000004
5778,95.79269999999998
5780,112.344
5782,93.64150000000001
5783,75.9644
5784,96.05330000000005
5786,94.42630000000001
5788,92.40520000000002
5789,114.93640000000006
5790,97.24999999999996
5791,101.24430000000002
5793,102.11099999999999
5794,95.66320000000003
5796,118.34549999999999
5797,93.80170000000003
5801,94.45610000000006
5803,91.23989999999998
5804,117.0025
5805,96.11560000000003
5806,75.9219
5808,109.12469999999992
5813,95.14659999999996
5815,93.66759999999991
5816,103.82129999999995
5822,95.16929999999996
5823,109.80950000000001
5825,103.34539999999998
5827,111.82649999999998
5829,99.20960000000001
5830,95.7167
5831,113.26069999999994
5832,101.51509999999995
5833,108.82239999999993
5837,114.33179999999993
5838,96.0678
5839,94.36299999999996
5842,105.96950000000001
5844,111.2141
5845,108.73779999999996
5846,114.39789999999998
5848,75.88689999999995
5850,112.84820000000002
5851,93.82240000000003
5853,98.15440000000001
5854,106.91779999999996
5858,105.44220000000003
5860,112.87109999999996
5864,104.78699999999998
5866,94.39809999999994
5867,110.6684
5868,93.02360000000012
5869,117.5505
5870,98.66930000000004
5871,112.74469999999994
5874,119.60970000000002
5876,112.46800000000006
5877,90.71870000000004
5878,101.35259999999992
5879,110.66510000000005
5880,94.4505
5884,97.06720000000001
5886,114.86589999999993
5890,108.95890000000004
5896,95.56219999999998
5897,100.32689999999997
5898,97.6638
5901,104.62429999999999
5903,111.25600000000003
5906,91.81550000000003
5908,110.06839999999998
5909,91.6101
5910,111.27600000000005
5911,96.59550000000003
5912,109.67319999999998
5914,119.49700000000003
5919,110.12919999999993
5924,101.90579999999999
5926,92.54900000000006
5929,100.77119999999994
5930,95.3441
5932,94.8364
5933,124.5911000000001
5934,95.85480000000001
5935,111.28690000000005
5936,95.84780000000005
5937,111.28680000000007
5938,95.9298
5939,110.9323
5942,112.55959999999999
5943,94.16020000000005
5944,104.88299999999998
5946,109.36480000000012
5951,93.01510000000006
5953,102.60839999999995
5954,94.08390000000003
5957,101.11500000000007
5961,96.26689999999996
5962,106.19280000000002
5964,77.07910000000003
5965,91.97370000000005
5968,119.18370000000009
5969,93.53790000000001
5974,92.12160000000002
5975,113.78479999999996
5978,77.16929999999996
5981,99.82400000000007
5982,94.53829999999999
5983,125.66859999999996
5989,111.51959999999997
5991,93.80169999999997
5992,101.97959999999999
5995,93.83149999999999
5996,100.33909999999997
5997,110.97329999999998
5998,95.0159
5999,76.7908
6001,111.26000000000008
6002,101.38089999999997
6003,113.48399999999988
6004,94.40710000000003
6006,112.18649999999997
6007,96.34260000000002
6011,107.31040000000002
6012,102.51019999999998
6014,97.67910000000008
6015,101.3688
6016,95.89389999999999
6017,110.11999999999993
6018,98.70040000000003
6024,89.4947999999999
6025,108.20659999999998
6026,113.44809999999998
6028,111.38990000000001
6029,80.44829999999996
6030,95.46549999999999
6036,115.54650000000004
6040,93.73659999999997
6041,111.46379999999999
6042,92.80439999999997
6044,95.23550000000003
6045,102.16260000000004
6047,100.37070000000003
6048,94.72849999999998
6049,112.32910000000001
6051,114.23490000000001
6052,117.1199
6053,89.59070000000007
6054,109.75770000000006
6058,101.57769999999996
6059,94.73459999999996
6062,99.07280000000003
6063,122.36769999999999
6064,100.64819999999995
6065,91.58739999999996
6067,96.2537
6068,112.10669999999995
6070,101.95679999999993
6071,107.14000000000001
6072,114.42429999999993
6080,114.85339999999988
6081,94.90899999999992
6084,106.09939999999995
6087,93.0858
6089,107.00949999999993
6092,114.92489999999987
6094,93.17779999999999
6095,112.06740000000002
6097,112.7041
6100,95.13889999999999
6104,106.17029999999997
6105,94.07229999999998
6106,113.32570000000004
6107,77.76600000000005
6108,94.25650000000002
6109,113.09059999999988
6110,93.51820000000002
6114,113.1251999999999
6116,95.7272
6117,100.16719999999998
6118,92.20860000000002
6123,79.26120000000006
6125,111.5206000000001
6128,114.5776
6130,102.9355
6132,107.30939999999998
6137,80.04420000000003
6139,121.03730000000007
6140,92.05859999999997
6141,112.86659999999996
6142,101.38030000000005
6144,109.84009999999988
6145,94.90809999999998
6146,93.95390000000002
6149,91.17
6156,97.54819999999997
6159,117.02129999999995
6160,91.22569999999996
6162,100.5046
6164,113.30529999999995
6165,94.90240000000006
6168,79.52790000000003
6169,108.33279999999982
6170,93.50120000000001
6171,113.25830000000002
6172,91.59500000000001
6173,115.91040000000008
6176,97.3849000000001
6177,91.49320000000006
6178,93.56049999999999
6180,94.07140000000001
6181,98.7389
6182,94.79580000000004
6185,93.45819999999998
6186,112.76000000000002
6188,114.19050000000004
6189,92.85809999999998
6192,105.96639999999998
6193,94.10860000000004
6194,102.4058
6195,94.66140000000007
6196,120.30190000000015
6197,94.3334
6201,109.81710000000001
6202,91.87509999999995
6203,113.27369999999998
6204,94.3026
6207,124.81719999999991
6209,93.77959999999993
6210,93.95499999999997
6211,114.82790000000003
6213,115.08339999999998
6216,91.529
6217,93.18060000000001
6219,95.22270000000006
6222,77.26970000000001
6223,97.08909999999995
6235,96.76140000000001
6240,96.03049999999999
6242,93.69899999999996
6247,93.72649999999997
6251,111.58139999999996
6254,111.67250000000004
6255,98.43720000000002
6260,102.4815
6261,94.835
6262,101.62349999999998
6264,111.5716
6269,107.1736
6271,105.75679999999997
6275,111.2767
6276,97.0261
6278,95.62059999999995
6279,114.60609999999983
6281,116.81269999999999
6284,95.59150000000001
6286,93.50590000000004
6287,77.60290000000003
6288,93.54139999999995
6292,100.99169999999998
6293,93.19670000000005
6295,97.7239
6298,113.09980000000004
6300,111.40350000000001
6304,101.05600000000004
6308,113.27980000000007
6310,96.89959999999999
6312,112.63959999999985
6320,100.219
6324,98.62410000000007
6325,114.05679999999995
6330,103.43709999999996
6336,112.45629999999996
6340,104.35709999999999
6341,102.98629999999991
6342,109.84740000000005
6344,93.9299
6345,114.48270000000001
6347,115.28539999999992
6348,94.24389999999998
6349,111.97190000000005
6351,75.38119999999996
6353,110.83360000000006
6354,93.2253
6357,94.03180000000002
6358,105.48039999999999
6360,102.56310000000002
6363,110.29919999999997
6364,90.89710000000005
6368,113.27219999999984
6370,93.56240000000001
6371,93.80860000000003
6377,93.41849999999998
6379,98.4663
6381,92.76500000000001
6382,76.05110000000002
6383,114.73109999999996
6388,110.89249999999997
6390,110.11149999999994
6392,99.4967
6393,95.29139999999998
6395,93.5844
6398,104.38920000000002
6401,76.02239999999998
6402,93.21000000000002
6403,111.13939999999991
6405,95.67389999999997
6406,93.46750000000002
6407,114.03210000000007
6409,103.38689999999998
6411,92.6192
6413,93.21539999999999
6416,107.25790000000006
6417,95.88879999999999
6418,92.9633
6419,120.02589999999988
6420,110.03700000000002
6426,110.95739999999996
6429,92.89199999999997
6430,94.4861
6431,110.11299999999994
6432,93.17599999999997
6434,96.01849999999995
6437,108.99109999999993
6438,95.48290000000003
6439,101.71860000000007
6440,93.92180000000002
6441,93.64589999999998
6442,107.80879999999999
6443,97.12060000000001
6445,94.77430000000005
6448,108.7397999999999
6450,109.7447
6453,94.86400000000003
6455,94.77239999999998
6457,92.83129999999997
6458,113.98379999999999
6461,93.32440000000003
6464,111.61580000000004
6467,92.78290000000003
6469,96.49900000000004
6470,76.99480000000003
6471,92.15929999999999
6473,100.90940000000002
6474,91.82510000000002
6479,91.49700000000003
6481,98.70039999999997
6484,109.21109999999999
6495,92.20640000000007
6496,113.09619999999995
6505,110.21189999999996
6506,92.30200000000002
6508,101.93160000000006
6509,93.3459
6510,108.02010000000011
6512,101.93739999999997
6513,91.7375
6514,116.9449
6515,91.24499999999998
6519,93.51460000000004
6521,95.40700000000001
6523,76.66770000000004
6525,108.37759999999999
6526,92.08249999999998
6528,94.8044
6529,110.42999999999995
6531,102.07709999999993
6533,107.95330000000007
6534,94.68720000000002
6535,109.59879999999995
6536,92.6163
6537,123.44610000000011
6540,93.69099999999999
6541,114.81749999999997
6547,93.16149999999999
6548,109.51190000000003
6551,111.1692
6553,109.80269999999999
6555,110.18540000000004
6556,95.36900000000006
6561,75.4751
6564,93.25749999999998
6565,109.86059999999996
6568,93.04550000000003
6569,107.4813
6573,104.42620000000005
6574,92.34300000000005
6577,115.09049999999992
6579,113.49459999999993
6581,92.47420000000002
6582,108.81860000000002
6585,102.71299999999998
6586,92.45350000000002
6589,103.1160999999999
6590,76.25629999999997
6593,93.4552
6594,108.56370000000003
6595,90.60979999999999
6599,91.70369999999997
6600,91.50789999999995
6601,110.52519999999991
6602,91.80470000000001
6603,113.12480000000004
6604,91.23730000000005
6607,102.88099999999993
6608,107.12549999999996
6609,91.74890000000006
6611,93.57129999999998
6613,108.03940000000003
6614,94.1139
6616,92.19769999999998
6617,108.03940000000003
6618,92.16129999999994
6619,102.27179999999998
6621,108.02380000000007
6627,104.09039999999999
6629,110.1935
6631,76.31979999999994
6634,91.84300000000002
6636,93.00049999999999
6638,93.05210000000002
6639,108.19970000000004
6641,111.74390000000007
6642,90.987
6651,114.08100000000002
6654,76.4865
6657,93.30839999999998
6663,93.54809999999999
6665,110.68469999999999
6666,95.1012
6668,91.98889999999996
6669,111.48880000000007
6670,91.42940000000003
6671,93.17800000000003
6673,92.74680000000001
6675,92.31180000000002
6676,75.78329999999998
6677,94.33970000000004
6679,93.23300000000003
6680,116.19389999999993
6681,107.0851000000001
6685,103.82750000000006
6688,92.70679999999997
6689,90.98820000000002
6690,111.94939999999998
6692,110.6387000000001
6693,94.21050000000001
6694,92.5709
6698,118.42169999999987
6699,92.22750000000005
6700,112.51690000000002
6701,97.66489999999995
6702,111.86690000000007
6704,91.311
6707,109.80279999999998
6712,111.60780000000005
6713,95.34249999999996
6715,94.72570000000005
6721,108.40809999999996
6722,93.14020000000004
6723,118.35999999999994
6724,98.41550000000007
6725,116.10789999999989
6731,117.76869999999994
6735,80.9767
6736,94.51110000000004
6737,104.50989999999989
6738,97.92409999999998
6739,101.34389999999998
6741,105.68769999999994
6743,94.90740000000004
6745,92.28209999999997
6747,111.81340000000004
6749,90.9601
6750,100.99609999999996
6751,116.2721
6752,99.07719999999998
6753,108.53290000000014
6755,113.40640000000002
6756,92.07480000000004
6757,102.22209999999997
6759,112.11610000000006
6761,90.50269999999993
6763,94.77209999999997
6764,116.43459999999999
6765,93.60559999999995
6766,110.09430000000006
6768,111.63450000000003
6771,89.3336
6773,93.50600000000004
6774,91.60759999999999
6778,101.39620000000002
6779,96.70549999999997
6781,93.1763
6784,94.48980000000002
6786,99.02249999999995
6787,109.22199999999997
6790,93.3327
6793,102.83799999999998
6795,107.47260000000014
6798,111.8776
6806,101.3681
6807,95.69349999999999
6810,92.00209999999997
6815,110.16720000000004
6816,93.10779999999994
6817,99.75019999999999
6818,95.53400000000002
6819,101.05019999999999
6820,93.26699999999995
6822,94.24519999999995
6823,112.60410000000007
6824,111.03729999999995
6825,93.96440000000003
6828,76.25790000000003
6829,115.90379999999999
6831,109.17389999999999
6832,90.94850000000001
6833,111.42280000000002
6834,93.33919999999996
6836,97.05999999999995
6837,109.89469999999997
6838,93.42599999999995
6840,101.1076
6843,91.48499999999999
6845,90.64550000000001
6846,92.49710000000003
6847,112.11889999999998
6851,115.18019999999997
6852,93.4366
6853,114.1583
6858,96.6725
6861,109.93020000000003
6863,109.62759999999989
6864,76.18160000000002
6865,91.0624
6866,109.88199999999992
6867,96.61439999999992
6868,101.85479999999998
6869,95.61989999999997
6870,111.01369999999993
6874,109.48880000000007
6875,94.55179999999999
6877,110.27520000000005
6878,95.41619999999998
6880,112.13619999999987
6883,109.40339999999998
6884,94.45839999999993
6886,93.4313
6890,95.16390000000003
6893,108.84540000000004
6894,92.48749999999997
6899,110.27340000000005
6900,93.43850000000003
6904,91.67959999999995
6905,110.06040000000003
6906,92.10130000000001
6910,91.27279999999998
6912,101.03899999999997
6913,109.67480000000005
6920,90.98989999999995
6922,94.38759999999994
6923,107.28080000000014
6926,95.86900000000001
6927,109.26719999999999
6928,89.73069999999996
6931,117.04259999999991
6933,96.19720000000001
6936,93.04819999999997
6937,109.60669999999995
6939,120.8821
6941,94.0825
6942,113.92060000000004
6943,92.13209999999994
6944,99.09299999999996
6945,94.56979999999996
6946,109.51260000000002
6947,112.18820000000005
6949,102.23120000000003
6951,102.41620000000003
6953,113.42910000000003
6954,92.02829999999996
6955,110.35060000000001
6963,112.07449999999996
6964,93.23050000000003
6966,96.42759999999997
6968,90.74100000000003
6970,99.18499999999996
6972,117.88279999999992
6976,109.5588
6978,110.37379999999992
6981,101.44580000000002
6985,103.2082999999999
6986,90.93790000000004
6987,108.10459999999995
6989,109.8276
6991,113.8303000000001
6993,116.74189999999994
6994,92.24890000000005
6995,109.6048
6996,92.9559
6997,110.20519999999993
6998,75.4141
7001,113.02679999999998
7003,112.78100000000002
7006,93.60259999999997
7008,112.45320000000001
7010,91.60419999999996
7011,92.14779999999999
7012,122.38759999999998
7013,93.62809999999995
7014,108.66639999999994
7017,104.30579999999996
7018,99.92230000000004
7019,91.79139999999998
7023,91.93990000000005
7024,100.87569999999998
7025,92.38990000000005
7026,111.46720000000006
7027,93.2932
7028,116.44090000000001
7030,108.23780000000014
7031,92.22889999999998
7033,111.45519999999999
7036,91.08890000000002
7037,93.74159999999996
7039,97.05159999999998
7044,92.10759999999999
7045,110.13839999999995
7046,93.69539999999999
7049,101.97160000000004
7050,94.07710000000002
7051,100.41489999999997
7054,111.40459999999993
7055,100.92899999999989
7057,94.42819999999996
7060,110.40350000000007
7061,99.18799999999992
7063,93.48999999999998
7064,109.07990000000001
7067,106.02389999999993
7071,94.28689999999999
7074,102.98640000000002
7075,97.45380000000002
7078,109.94539999999995
7079,88.69520000000004
7080,112.633
7081,95.79529999999998
7082,108.84969999999983
7083,93.24050000000003
7085,110.47840000000002
7092,100.68899999999996
7094,93.1979
7100,93.22519999999999
7101,109.75040000000004
7102,109.77439999999991
7104,113.9264999999999
7105,98.98129999999992
7106,97.5713
7107,99.95429999999996
7108,76.45349999999995
7109,94.12739999999992
7110,108.94349999999993
7112,93.10620000000004
7113,103.96330000000007
7114,93.73949999999996
7116,108.49699999999986
7117,101.73540000000004
7118,100.40879999999997
7120,93.08269999999993
7121,102.42570000000002
7123,103.43769999999995
7124,103.11819999999996
7127,104.85849999999996
7131,103.32949999999997
7132,95.00340000000006
7133,91.29139999999998
7134,111.21410000000002
7135,91.56669999999994
7136,109.73399999999998
7137,92.71510000000004
7141,93.74869999999999
7144,101.45000000000009
7147,113.87399999999998
7148,92.09959999999992
7150,94.15909999999994
7151,93.09099999999994
7152,101.38090000000004
7154,91.57540000000003
7156,92.56499999999997
7157,103.12630000000003
7159,112.99590000000003
7161,95.69839999999998
7163,93.10739999999998
7164,101.012
7167,75.65230000000003
7169,101.37549999999996
7170,91.87890000000004
7173,92.05390000000001
7174,102.17699999999995
7177,108.23030000000004
7178,102.50789999999998
7179,91.10059999999996
7180,75.58079999999997
7181,110.26979999999998
7182,92.75040000000003
7184,97.5526
7185,113.3498999999999
7186,92.03319999999998
7187,113.18839999999992
7188,93.69149999999999
7189,109.75700000000005
7191,100.54639999999998
7193,110.50560000000002
7197,96.09389999999999
7199,94.59620000000008
7200,108.83949999999983
7201,91.72969999999995
7204,94.91689999999996
7207,108.73829999999992
7209,108.6126999999998
7210,94.95160000000001
7211,103.74739999999998
7213,93.26640000000002
7214,110.26989999999995
7216,110.48010000000008
7217,96.6775
7220,111.4998
7224,107.65870000000008
7225,95.13
7226,110.74430000000008
7227,95.0561
7234,113.31029999999993
7236,78.96489999999997
7239,102.78479999999995
7240,91.43889999999998
7242,112.07499999999993
7244,109.01219999999995
7245,91.25790000000005
7247,108.16419999999997
7248,93.65370000000001
7249,119.03669999999993
7250,115.48779999999996
7251,97.8819
7252,109.62679999999996
7253,78.41989999999998
7256,93.5466
7260,92.67079999999993
7261,110.94969999999995
7264,94.87540000000001
7269,110.02489999999995
7270,94.59849999999994
7273,111.89620000000005
7279,93.1199
7281,121.41989999999993
7284,92.36039999999996
7285,117.1619000000001
7286,119.32409999999982
7287,92.73069999999994
7289,91.60440000000003
7292,90.142
7293,114.28459999999991
7296,92.9281
7297,112.26520000000004
7298,91.24959999999992
7299,116.42249999999996
7301,105.54289999999993
7304,111.98209999999996
7306,113.46769999999998
7308,91.65480000000001
7309,103.32709999999999
7312,91.79340000000003
7313,78.45469999999997
7314,93.28549999999997
7316,91.68789999999997
7319,115.74409999999997
7321,92.07399999999998
7323,92.78840000000004
7324,107.34879999999993
7325,93.03370000000001
7328,99.57970000000002
7330,76.99860000000001
7334,92.79520000000001
7337,114.34529999999997
7338,96.66509999999997
7339,91.28309999999999
7341,92.06830000000002
7342,114.6159
7344,108.94959999999996
7345,108.02639999999994
7347,110.71759999999999
7349,117.90749999999997
7350,94.58480000000002
7353,119.5567
7355,108.86039999999998
7356,91.42049999999992
7357,130.68760000000003
7358,92.56280000000001
7360,90.55949999999997
7363,101.37049999999992
7364,89.54110000000009
7366,92.78569999999998
7368,92.12749999999998
7369,109.23439999999997
7370,91.17189999999995
7373,92.66839999999998
7374,108.36689999999994
7375,91.47079999999993
7377,92.27219999999996
7379,91.91219999999997
7380,115.42139999999992
7382,108.68859999999991
7383,92.07730000000001
7385,91.28949999999992
7386,105.22909999999997
7391,95.93440000000002
7394,108.28889999999994
7396,112.9474
7397,91.76809999999996
7399,91.57799999999997
7400,102.41199999999999
7403,78.47789999999996
7405,108.83660000000002
7408,109.48149999999995
7414,108.33249999999994
7416,99.83770000000005
7417,90.52990000000005
7419,91.10019999999999
7420,112.1499
7421,91.32720000000006
7422,90.20730000000003
7423,100.9587
7425,76.67190000000001
7430,91.89249999999998
7432,93.66980000000001
7433,94.61069999999997
7434,109.13780000000004
7436,117.7108999999999
7437,91.7714
7438,101.23569999999998
7440,100.58269999999997
7441,91.31420000000001
7442,107.62469999999999
7445,108.89379999999994
7446,97.79960000000001
7448,108.03050000000002
7450,105.23460000000006
7451,93.27830000000009
7454,110.3936
7455,90.30250000000002
7457,120.38360000000004
7459,97.88570000000006
7462,91.509
7464,93.04140000000008
7465,108.65639999999993
7466,94.59949999999999
7467,106.8916
7469,111.73379999999996
7472,90.08340000000003
7473,106.73159999999999
7479,92.0315
7480,102.30490000000013
7484,111.6505
7491,92.41320000000003
7494,104.81950000000002
7495,92.42449999999997
7501,93.4111
7503,90.32129999999998
7504,104.99430000000011
7505,90.15050000000008
7508,111.13819999999996
7509,91.43769999999996
7510,77.88969999999999
7511,109.49829999999994
7515,93.48649999999998
7516,103.57120000000005
7517,91.96770000000006
7518,103.81020000000004
7519,94.0732
7521,94.38179999999994
7522,103.64479999999995
7524,103.4581
7526,101.86859999999999
7527,92.66369999999992
7528,102.33179999999992
7529,94.08699999999999
7534,110.2755
7537,108.90350000000001
7538,91.80799999999998
7540,94.22639999999997
7541,111.70729999999992
7545,118.59430000000002
7551,109.22840000000004
7553,93.30169999999994
7554,101.9767
7555,93.00830000000003
7561,112.5011
7562,105.31139999999986
7564,93.4535
7565,100.50819999999993
7566,97.24739999999996
7567,113.02659999999996
7569,101.46869999999991
7570,92.61770000000003
7571,114.16550000000001
7572,91.0379
7574,104.45169999999995
7578,112.14129999999999
7579,90.72819999999994
7586,92.2562
7587,76.54690000000004
7590,91.74500000000003
7593,106.05929999999996
7594,92.608
7595,97.25479999999997
7600,91.68639999999996
7601,75.97150000000002
7602,89.89519999999997
7603,110.75299999999996
7604,92.04649999999997
7606,91.51270000000005
7608,109.02590000000005
7613,79.47409999999996
7615,109.92399999999999
7616,110.05040000000004
7617,110.08260000000001
7618,92.10459999999993
7619,102.47430000000004
7622,93.43879999999994
7623,103.91160000000004
7624,93.00059999999998
7625,102.75659999999999
7626,95.40369999999997
7627,104.67110000000001
7628,79.7596
7631,103.47910000000003
7632,104.62460000000009
7633,91.6687
7634,114.656
7635,91.0888
7636,112.1511
7637,112.1511
7639,92.35070000000005
7640,77.4931
7644,112.6745
7645,89.25669999999997
7648,102.06
7649,93.06320000000005
7650,112.8557999999999
7652,108.47309999999996
7653,91.9777
7655,91.18549999999999
7659,114.20879999999994
7662,93.19380000000001
7664,91.14959999999995
7666,94.43890000000003
7668,92.9778000000001
7669,111.42599999999995
7670,90.2614
7672,92.09049999999993
7673,107.91109999999999
7678,91.94509999999997
7679,77.90789999999998
7680,106.40850000000006
7683,91.98729999999999
7685,117.05719999999991
7688,93.30490000000005
7690,109.23320000000005
7692,91.81190000000001
7693,91.37259999999998
7695,113.49259999999995
7696,90.8883
7698,90.88190000000004
7699,110.14459999999991
7702,92.4167
7703,113.71520000000005
7704,93.7643
7707,109.41089999999993
7713,80.12599999999999
7715,103.99129999999997
7717,111.05770000000001
7718,90.29740000000001
7719,103.43540000000002
7721,113.78819999999997
7722,94.5701
7725,104.0504999999999
7727,101.69390000000004
7730,77.16900000000001
7733,89.07260000000001
7735,98.71349999999997
7740,115.25910000000013
7741,109.525
7742,90.73990000000002
7744,110.16889999999994
7747,91.2623
7750,76.04729999999999
7752,116.47810000000003
7754,119.56290000000004
7756,104.75209999999997
7757,91.73290000000003
7758,103.49040000000002
7760,104.60720000000009
7761,90.15839999999997
7763,110.01209999999998
7765,90.40289999999997
7767,113.71910000000001
7768,93.26289999999999
7771,90.66140000000003
7773,88.41270000000004
7774,108.9281
7776,102.28819999999997
7779,89.72599999999994
7783,93.1604
7786,106.38789999999996
7787,91.32180000000004
7789,90.85539999999997
7791,90.86729999999996
7793,90.72339999999998
7794,108.53729999999997
7795,90.93500000000002
7799,75.8765
7800,109.47379999999995
7802,94.45899999999995
7805,108.35799999999998
7807,99.26100000000004
7808,90.35239999999993
7811,101.11990000000006
7817,110.96040000000012
7818,102.10189999999999
7819,95.11370000000005
7822,89.56539999999994
7823,109.55169999999994
7825,110.23750000000001
7828,88.55960000000006
7832,91.57010000000002
7833,77.24360000000003
7834,110.04509999999999
7835,89.29150000000001
7837,90.87390000000003
7840,91.24650000000003
7842,90.14860000000007
7843,112.57379999999998
7844,90.47430000000004
7846,90.00130000000001
7850,90.72530000000006
7853,115.58159999999992
7855,108.64480000000002
7858,90.95579999999997
7863,112.02439999999999
7865,113.01070000000006
7866,89.6773
7868,89.69259999999998
7869,119.75580000000004
7871,76.20700000000005
7872,99.72139999999999
7874,102.6815
7877,119.23439999999997
7878,90.1936000000001
7879,109.59169999999999
7881,88.81469999999999
7883,91.31819999999999
7885,99.36470000000003
7886,92.08500000000004
7889,91.18169999999995
7890,103.78689999999997
7891,92.1406
7893,88.25040000000007
7894,101.434
7896,110.80399999999989
7898,99.09939999999993
7901,91.94280000000006
7902,110.07220000000002
7904,115.39900000000006
7905,89.64450000000001
7906,115.43399999999998
7909,95.06070000000004
7910,100.07499999999996
7913,91.8049
7918,114.72000000000001
7919,89.4144000000001
7923,88.88410000000002
7925,89.7518
7927,91.38820000000005
7930,92.39350000000002
7932,88.66419999999997
7933,90.47070000000004
7935,89.98610000000002
7939,101.78360000000006
7942,89.69030000000001
7943,116.24739999999998
7945,100.78589999999997
7946,90.58859999999997
7948,92.697
7949,107.0176
7950,91.40350000000001
7951,110.61399999999996
7955,102.34900000000003
7959,89.49569999999996
7960,109.62640000000002
7961,89.54469999999999
7962,103.14970000000007
7964,102.37850000000002
7965,94.08060000000005
7966,109.69329999999997
7967,102.69670000000004
7968,94.36450000000002
7971,101.97730000000003
7974,90.76370000000009
7976,110.60109999999995
7978,110.35369999999998
7982,110.78220000000002
7983,90.49250000000002
7984,100.29990000000006
7986,89.78920000000008
7989,108.17749999999998
7991,110.53260000000007
7992,110.79839999999992
7993,91.36619999999999
7994,109.89849999999997
7995,91.888
7997,91.36810000000003
7998,100.42120000000008
7999,107.84999999999992
8002,90.56040000000003
8007,92.40850000000006
8009,90.51040000000006
8011,92.5407
8013,92.35929999999996
8015,101.00729999999996
8017,110.6845999999999
8019,114.64469999999992
8023,90.57400000000001
8024,110.57209999999998
8026,108.54770000000003
8027,88.55040000000001
8029,89.0534000000001
8030,107.87380000000005
8031,91.00770000000004
8033,96.08259999999999
8035,90.5978
8036,102.21450000000003
8039,102.39689999999997
8042,90.35290000000003
8044,90.43730000000001
8046,77.30810000000002
8048,109.40449999999998
8049,90.11930000000001
8050,101.65180000000004
8053,91.05699999999999
8054,90.12719999999999
8059,89.15810000000003
8061,89.19769999999997
8062,108.37529999999997
8064,109.92639999999996
8066,101.21929999999996
8067,90.21170000000004
8068,93.25990000000002
8070,96.44550000000008
8071,111.06830000000002
8072,90.77840000000003
8076,97.9404
8080,91.406
8081,114.41509999999997
8084,106.80560000000006
8087,109.99830000000007
8089,91.34670000000001
8090,113.94909999999999
8091,100.48400000000005
8094,129.97730000000016
8100,90.84670000000001
8101,91.15530000000003
8110,90.60670000000002
8111,111.78490000000006
8112,95.62449999999997
8115,110.97870000000003
8116,95.35610000000004
8118,109.94999999999996
8121,117.42649999999992
8125,109.71629999999998
8127,111.57969999999996
8128,91.94480000000001
8129,109.52590000000002
8131,92.93970000000002
8138,93.48039999999999
8139,100.92300000000002
8140,90.24900000000004
8141,88.89659999999998
8142,113.4599
8143,110.80940000000002
8145,108.45160000000007
8146,89.5098
8148,108.56259999999999
8153,112.65819999999994
8154,90.54650000000001
8155,123.61280000000008
8161,95.48309999999996
8162,111.46379999999994
8163,90.16079999999998
8166,109.86839999999997
8168,111.8605999999999
8170,90.24480000000001
8172,112.60190000000003
8173,90.1517
8176,102.84699999999997
8179,90.16110000000002
8181,93.84110000000001
8182,116.47150000000003
8184,109.84420000000001
8190,104.58680000000008
8191,92.36500000000002
8194,108.9454
8196,115.55020000000009
8198,112.97309999999997
8199,109.76479999999998
8201,110.72669999999997
8202,89.14080000000004
8207,93.95400000000001
8208,111.41039999999995
8211,111.57519999999997
8214,110.20149999999995
8217,91.05070000000002
8218,113.037
8222,92.51539999999997
8229,102.3688
8231,91.26120000000004
8233,90.40369999999992
8236,91.14699999999999
8238,113.10249999999992
8240,100.72110000000002
8243,100.27120000000012
8246,108.02950000000006
8250,91.42729999999996
8254,95.3999
8256,79.09179999999996
8257,108.08130000000003
8258,90.74700000000001
8260,91.60150000000002
8261,111.93649999999994
8263,115.62320000000004
8264,93.49629999999996
8267,107.95799999999996
8268,89.78569999999999
8271,88.95100000000001
8272,106.896
8275,95.2386
8276,91.89900000000003
8277,102.61539999999997
8278,118.1363000000001
8279,93.66579999999996
8280,107.21979999999999
8281,92.56079999999996
8282,107.40620000000004
8287,112.60149999999997
8288,92.34500000000006
8289,117.82300000000001
8294,91.39539999999994
8296,92.87549999999996
8299,115.48639999999997
8302,99.3319999999999
8308,108.86049999999996
8314,104.82639999999996
8315,92.96490000000001
8316,109.46049999999997
8317,93.69020000000006
8319,118.60650000000001
8320,91.87130000000005
8321,120.27740000000001
8323,92.69210000000001
8325,93.0368
8326,107.45729999999998
8328,106.21820000000005
8330,108.78720000000001
8331,91.07099999999998
8332,117.85829999999994
8334,92.20759999999999
8338,90.24789999999996
8339,92.88169999999995
8341,88.38969999999986
8345,110.15869999999995
8346,92.47219999999997
8347,102.57279999999999
8349,91.9404
8351,95.86499999999992
8352,110.62850000000002
8353,107.00960000000006
8355,118.45349999999995
8358,107.23370000000003
8359,110.40490000000005
8360,91.21480000000005
8361,113.54119999999998
8363,101.58939999999998
8364,95.97039999999998
8365,91.18359999999998
8366,100.96819999999998
8370,109.057
8372,89.73590000000002
8376,93.72900000000007
8377,107.99530000000003
8379,110.31120000000001
8380,96.68700000000004
8381,111.93350000000004
8386,93.48619999999997
8388,103.8144
8389,94.39479999999996
8391,111.98780000000002
8394,95.65319999999998
8396,102.2216
8398,102.00150000000004
8400,119.01949999999997
8401,91.5377
8404,89.30059999999985
8407,92.27900000000001
8408,115.76160000000002
8409,108.43330000000007
8410,101.88059999999996
8411,97.19879999999999
8413,96.51530000000008
8414,109.42350000000002
8416,94.43440000000002
